date,temp_avg_c,temp_max_c,temp_min_c,wind_avg_ms,wind_max_ms,wind_gust_ms,sunshine_hr,sunshine_rate_pct,solar_radiation_mj_m2,solar_total_kwh,wind_total_kwh,solar_gyorae_kwh,solar_haengwon_kwh,solar_promo_parking_kwh,solar_stadium_kwh,solar_susan_kwh,wind_dongbok_kwh,wind_gasiri_kwh,wind_gimnyeong_kwh,wind_haengwon_kwh,wind_sinchang_kwh
2024-01-01,9.3,12.3,6.6,1.0,3.1,5.6,2.2,22.0,,2808.156,32969.58,747.8,37.656,43.44,488.832,1490.428,21542.4,,790.56,7306.8,3329.82
2024-01-02,9.8,14.0,6.1,1.3,3.8,6.8,7.6,76.0,,4892.581,10276.024,1081.6,240.264,143.88,813.344,2613.493,2822.4,,381.06,5544.004,1528.56
2024-01-03,9.1,12.3,6.4,1.5,4.2,8.6,5.9,59.0,,4339.399,456759.8400000001,1018.0,168.696,119.28,315.072,2718.351,355478.4,,5867.82,77631.6,17782.02
2024-01-04,7.8,12.0,4.1,1.6,3.9,7.9,9.2,92.0,,8119.184,91298.82,1988.6,416.88,215.04,1356.416,4142.248,66412.8,,2197.26,20049.6,2639.16
2024-01-05,11.4,14.8,7.6,1.5,3.7,7.0,2.1,21.0,,5939.471,73017.539,1666.8,284.184,168.32,762.656,3057.511,57168.0,,1224.9,9935.999,4688.64
2024-01-06,9.8,13.7,5.7,1.5,3.2,7.8,9.2,91.1,,9262.04,181658.46,2010.8,512.136,286.88,1377.824,5074.4,120009.6,,4659.12,43525.2,13464.54
2024-01-07,6.3,9.7,4.4,1.7,4.5,9.3,8.8,87.1,,2125.314,615650.28,517.2,110.016,103.84,283.488,1110.77,482198.4,,6441.48,105334.8,21675.6
2024-01-08,5.4,7.2,3.6,0.9,2.3,4.8,0.1,1.0,,5322.784,56605.44,1030.8,258.84,158.36,935.872,2938.912,32976.0,,1292.22,18030.0,4307.22
2024-01-09,8.3,10.8,3.2,0.9,3.0,6.6,0.0,0.0,,1590.061,38344.921,362.2,53.64,51.76,192.48,929.981,25200.0,,990.36,8037.601,4116.96
2024-01-10,7.7,10.8,4.0,1.2,2.9,6.6,7.3,72.3,,6503.135,419439.06000000006,1248.6,288.072,174.48,574.528,4217.455,334454.4,,10828.26,63367.2,10789.2
2024-01-11,6.9,11.6,2.7,1.7,3.3,7.4,8.5,84.2,,9150.737,225898.43999999997,2247.4,380.592,220.12,938.24,5364.385,177436.8,,6094.08,39602.4,2765.16
2024-01-12,10.1,14.1,6.6,1.7,3.7,8.6,8.1,80.2,,5483.993,177323.4,1395.8,126.144,110.84,442.24,3408.969,126835.2,,5076.72,40176.0,5235.48
2024-01-13,9.1,14.4,5.0,1.8,4.2,6.9,9.3,91.2,,9834.316,70478.16,2209.8,529.128,303.6,1487.424,5304.364,34560.0,,1634.4,23240.4,11043.36
2024-01-14,11.9,15.8,6.0,1.9,4.3,7.8,6.3,61.8,,9536.116,192664.74,2139.0,516.888,288.8,1475.808,5115.62,140284.8,,4722.84,35544.0,12113.1
2024-01-15,9.1,12.1,5.9,1.7,3.9,7.9,9.4,92.2,,10520.794,461742.96,2359.8,584.784,358.0,1524.064,5694.146,344966.4,,11662.74,84864.0,20249.82
2024-01-16,8.9,12.4,5.0,1.5,2.6,4.2,8.2,80.4,,9867.026,69623.81999999999,2194.2,526.248,307.72,1640.8,5198.058,41904.0,,1627.74,17802.0,8290.08
2024-01-17,14.0,17.2,9.2,1.4,2.8,5.0,4.8,47.1,,4689.901,66865.02,1023.0,233.424,145.16,911.296,2377.021,44294.4,,1145.34,13394.4,8030.88
2024-01-18,15.2,17.5,12.6,1.2,3.1,5.7,0.5,4.9,,1728.353,41993.28,466.2,25.92,2.6,233.504,1000.129,18057.6,,1287.0,16203.6,6445.08
2024-01-19,11.3,12.7,10.7,3.3,4.9,9.8,0.0,0.0,,345.843,520164.72,66.4,0.0,0.04,159.36,120.043,434707.2,,1375.56,82270.8,1811.16
2024-01-20,11.6,12.2,10.0,3.5,4.9,10.6,0.0,0.0,,366.104,533470.32,115.2,0.72,0.0,79.52,170.664,451497.6,,0.0,78606.0,3366.72
2024-01-21,10.4,11.9,8.4,1.5,4.9,9.6,0.2,1.9,,884.827,228583.8,205.4,14.544,15.52,99.04,550.323,162547.2,,4571.28,43369.2,18096.12
2024-01-22,3.3,8.9,-0.3,1.9,5.8,13.8,6.8,66.0,,1230.434,677456.4,280.0,11.736,0.88,155.36,782.458,604771.2,,207.36,58954.8,13523.04
2024-01-23,0.1,2.5,-1.8,2.6,4.8,11.8,5.5,52.9,,3197.601,638559.1200000001,784.2,124.128,18.52,303.04,1967.713,597340.8,,15.3,27750.0,13453.02
2024-01-24,3.3,6.5,-1.0,2.5,4.8,10.1,5.9,56.7,,1841.093,672895.0800000001,537.8,75.672,22.4,207.264,997.957,614044.8,,6.12,35535.6,23308.56
2024-01-25,5.0,8.6,2.8,0.8,2.0,4.4,2.9,27.9,,3040.658,511902.96,637.2,91.944,71.84,181.568,2058.106,402192.0,,7703.28,80692.8,21314.88
2024-01-26,6.0,10.9,4.0,1.2,3.0,6.0,5.5,52.9,,4642.256,339924.66,942.6,240.984,145.56,218.72,3094.392,238262.4,,8408.16,77856.0,15398.1
2024-01-27,6.8,10.8,3.0,1.3,2.8,7.4,6.3,60.0,,6488.014,198288.24,1577.0,230.904,164.96,793.056,3722.094,129254.4,,4897.62,55806.0,8330.22
2024-01-28,6.8,10.6,4.4,1.6,3.4,8.6,9.4,89.5,,7169.763,376700.94,1259.2,251.64,169.76,709.088,4780.075,280598.4,,9129.24,73429.2,13544.1
2024-01-29,6.3,10.9,2.1,1.5,3.4,6.6,9.5,90.5,,8032.053,40244.82,1753.4,328.176,190.28,1300.48,4459.717,24595.2,,1078.02,13434.0,1137.6
2024-01-30,8.5,10.0,5.3,1.9,3.2,6.7,0.0,0.0,,1175.857,42177.9,266.4,35.352,28.56,316.192,529.353,27072.0,,653.04,12774.0,1678.86
2024-01-31,12.6,16.2,10.0,1.3,3.5,5.6,3.2,30.2,,2546.722,43525.94,545.0,69.048,60.8,1035.904,835.97,28166.4,622.1,1086.66,13314.0,336.78
2024-02-01,11.1,12.5,9.8,2.1,4.5,8.3,0.0,0.0,,279.591,131542.02,88.8,0.0,0.2,55.36,135.231,72576.0,,3323.34,40485.6,15157.08
2024-02-02,10.7,11.4,10.0,2.5,4.1,7.5,0.0,0.0,,497.556,121066.38,138.6,0.144,0.24,117.76,240.812,74851.2,,3754.62,31370.4,11090.16
2024-02-03,10.0,11.4,9.6,2.8,4.5,7.3,0.0,0.0,,384.958,192646.56,87.4,1.944,2.2,149.504,143.91,129772.8,,8244.18,52939.2,1690.38
2024-02-04,11.4,14.1,9.9,3.5,5.6,10.2,2.2,20.6,,1478.899,263530.62,258.4,90.504,74.28,365.824,689.891,200764.8,,9003.96,50328.0,3433.86
2024-02-05,10.9,16.1,8.4,2.1,5.0,8.4,4.0,37.4,,2375.107,283250.7,398.0,44.424,5.04,287.52,1640.123,211680.0,,6350.58,52491.6,12728.52
2024-02-06,9.8,12.5,7.6,1.3,3.0,5.2,2.2,20.6,,2836.939,170336.15999999997,598.4,70.488,79.28,149.984,1938.787,107510.4,,5087.34,41104.8,16633.62
2024-02-07,7.5,10.8,4.7,1.1,3.0,6.4,6.8,63.6,,4854.034,247437.60000000003,849.8,128.736,123.48,655.456,3096.562,173664.0,,5971.14,46957.2,20845.26
2024-02-08,7.1,10.1,4.2,1.5,3.2,5.7,8.6,79.6,,4949.545,203327.16,1074.6,155.304,145.4,485.632,3088.609,144028.8,,4942.08,39886.8,14469.48
2024-02-09,6.4,10.7,3.3,1.2,3.5,6.8,8.1,75.0,,5473.35,341554.92,887.2,201.24,159.84,513.824,3711.246,258912.0,,9262.62,57735.6,15644.7
2024-02-10,7.2,11.2,4.0,1.1,3.2,6.5,4.4,40.7,,3780.801,158355.0,832.6,158.688,136.84,542.496,2110.177,118051.2,,4306.86,28188.0,7808.94
2024-02-11,8.5,12.1,5.6,1.6,4.6,8.8,7.8,71.6,,7058.085,411094.68000000005,1726.2,391.104,241.6,1175.232,3523.949,340963.2,,5628.96,48541.2,15961.32
2024-02-12,9.2,13.0,4.6,1.2,2.5,4.2,9.7,89.0,,11146.09,53796.77999999999,2575.6,591.336,367.48,1918.976,5692.698,39168.0,,1659.24,9028.8,3940.74
2024-02-13,13.8,17.0,9.1,1.5,3.7,7.1,7.5,68.8,,5431.672,99364.85999999999,2509.4,599.328,360.8,1962.144,0.0,69811.2,,1562.04,13352.4,14639.22
2024-02-14,15.0,15.7,13.9,0.7,3.4,6.2,0.0,0.0,,1458.017,241791.06,512.2,83.304,88.68,390.56,383.273,204220.8,,3936.6,23577.6,10056.06
2024-02-15,13.5,19.1,8.6,1.4,4.0,9.2,7.9,71.8,,2536.661,316715.7,659.8,43.056,57.96,213.824,1562.021,293500.8,,2131.02,7759.02,13324.86
2024-02-16,8.9,12.6,4.4,1.4,2.9,4.9,8.9,80.9,,7836.832,48417.96000000001,1629.4,178.488,160.48,984.256,4884.208,36950.4,,1216.26,8148.0,2103.3
2024-02-17,9.9,13.6,6.2,1.5,2.4,4.6,8.3,74.8,,9422.999,74065.2,2813.8,396.216,387.92,2111.648,3713.415,60710.4,,1398.42,10186.8,1769.58
2024-02-18,14.6,16.8,9.6,2.6,7.8,12.6,0.0,0.0,,754.798,341607.66,114.0,11.592,18.76,394.944,215.502,300672.0,,3549.6,32604.0,4782.06
2024-02-19,16.4,18.4,14.1,3.3,8.3,13.5,6.5,58.6,,6863.381,262035.41999999998,1912.2,133.704,124.28,417.888,4275.309,222595.2,,2385.36,32776.8,4278.06
2024-02-20,13.4,14.6,11.5,1.9,5.5,9.8,0.0,0.0,,688.384,203433.65999999997,198.0,0.648,18.92,151.904,318.912,161164.8,,6303.24,34308.0,1657.62
2024-02-21,12.7,13.7,12.0,3.3,5.3,9.0,0.0,0.0,,835.107,370737.06,199.4,5.112,9.8,310.56,310.235,305481.6,,8841.6,55892.4,521.46
2024-02-22,9.9,12.4,8.8,3.9,6.3,11.5,0.0,0.0,,668.265,476313.3,196.6,0.576,0.2,131.008,339.881,394099.2,,8048.7,59176.8,14988.6
2024-02-23,8.3,9.2,7.3,3.3,5.7,10.2,0.0,0.0,,853.904,264017.26999999996,212.4,11.664,20.08,206.24,403.52,193276.8,,7746.12,49627.37,13366.98
2024-02-24,7.6,8.8,6.5,3.4,4.6,9.5,0.0,0.0,,888.307,310473.07,180.4,4.68,23.08,338.816,341.331,243388.8,,8789.22,56272.93,2022.12
2024-02-25,9.8,12.4,7.6,1.9,4.0,8.4,0.6,5.3,,1783.468,237468.44999999998,349.4,70.92,92.76,302.08,968.308,180115.2,,6447.24,34920.21,15985.8
2024-02-26,8.7,12.0,5.7,1.6,3.3,5.4,6.5,57.5,,9772.976,72827.25,2275.6,411.984,297.68,1848.544,4939.168,47376.0,,1236.78,10719.69,13494.78
2024-02-27,9.0,12.1,7.5,3.2,6.1,11.0,8.3,72.8,,5170.651,235187.93000000002,763.2,289.944,219.8,1997.248,1900.459,194140.8,,9394.92,30036.17,1616.04
2024-02-28,10.0,11.8,8.0,2.9,6.5,11.4,0.0,0.0,,4584.541,181006.9,903.2,249.912,194.72,1026.016,2210.693,143654.4,,7828.38,27610.72,1913.4
2024-02-29,8.8,10.5,7.7,2.3,5.6,10.1,0.0,0.0,,703.967,281112.31999999995,155.6,9.072,18.48,139.712,381.103,230342.4,,7950.24,33918.14,8901.54
2024-03-01,5.0,9.1,0.7,1.8,4.5,10.3,7.9,68.7,,5630.047,628368.1799999999,939.0,109.008,124.24,539.008,3918.791,564105.6,,2534.22,60648.0,1080.36
2024-03-02,4.3,8.7,0.7,1.6,4.2,9.4,9.2,80.0,,10579.389,187101.12,2490.2,557.064,339.12,1800.416,5392.589,156211.2,,1397.34,26598.0,2894.58
2024-03-03,7.5,11.0,4.1,1.0,2.6,5.7,1.5,12.9,,5055.249,138681.9,1155.8,146.592,136.64,939.808,2676.409,113731.2,,3039.84,17654.4,4256.46
2024-03-04,9.6,13.8,5.6,1.9,5.3,9.6,2.7,23.3,,4172.687,126350.7,828.0,204.336,160.52,948.48,2031.351,100512.0,,1916.64,21544.44,2377.62
2024-03-05,11.0,12.3,9.3,4.1,6.3,10.3,0.0,0.0,,421.81,416793.32,120.4,0.504,2.4,131.456,167.05,323136.0,,10361.7,75985.64,7309.98
2024-03-06,10.0,12.3,7.5,2.6,4.7,9.8,0.5,4.3,,2130.029,165420.72999999998,441.8,151.344,139.88,444.608,952.397,115315.2,,4285.98,36598.69,9220.86
2024-03-07,9.3,14.2,5.6,1.7,3.8,7.7,9.4,80.3,,10338.349,286494.24000000005,2535.4,561.384,379.68,1846.784,5015.101,200880.0,,7693.2,60524.4,17396.64
2024-03-08,7.8,11.3,5.6,2.1,4.5,10.1,10.4,88.9,,10772.383,463233.6,2431.6,581.544,397.0,1859.008,5503.231,357091.2,,10797.12,76388.4,18956.88
2024-03-09,6.9,11.4,2.4,1.7,4.7,7.6,10.9,92.4,,11318.973,278855.28,3080.0,453.528,442.76,2100.512,5242.173,206236.8,,6453.54,51958.8,14206.14
2024-03-10,9.0,13.1,5.0,1.8,4.1,7.3,11.1,94.1,,9277.475,33337.38,2532.0,380.664,475.48,2382.016,3507.315,16358.4,,979.92,9588.0,6411.06
2024-03-11,10.0,15.0,6.5,1.2,5.3,9.7,1.6,13.6,,3084.658,33980.161,683.2,149.616,129.28,704.448,1418.114,22752.0,,480.24,5991.421,4756.5
2024-03-12,10.4,15.8,6.7,1.5,3.4,7.2,8.3,69.7,,5884.394,290467.27,1408.4,344.808,228.04,782.72,3120.426,224121.6,,6043.68,46995.49,13306.5
2024-03-13,9.7,14.0,4.7,1.7,4.1,6.6,10.4,87.4,,13310.21,161795.66,3052.8,679.104,474.2,2334.624,6769.482,113990.4,,4125.42,38189.12,5490.72
2024-03-14,10.7,14.5,7.1,1.4,2.8,4.4,8.0,67.2,,10228.67,21009.941,2261.8,499.032,346.88,1815.872,5305.086,17280.0,,438.12,3153.761,138.06
2024-03-15,11.9,16.6,6.7,1.6,3.2,5.2,11.3,94.2,,12735.492,3278.366,2950.8,641.232,446.44,2252.96,6444.06,950.4,,305.1,1770.326,252.54
2024-03-16,13.4,17.4,8.7,1.1,2.2,4.1,6.4,53.3,,9860.782,15017.452000000001,2189.2,499.392,344.44,1568.224,5259.526,6537.6,,570.6,5427.412,2481.84
2024-03-17,15.0,18.4,11.9,1.3,3.7,6.9,3.1,25.8,,4979.938,277975.9,1010.0,289.656,218.24,711.872,2750.17,201657.6,,7217.82,55883.62,13216.86
2024-03-18,12.4,14.6,9.6,1.1,2.8,5.5,9.7,80.2,,12218.358,83655.99,2865.6,633.384,432.56,2215.904,6070.91,62553.6,,1985.4,17153.19,1963.8
2024-03-19,12.0,16.4,7.5,1.9,4.5,9.7,8.3,68.6,,10379.994,323033.3,2444.4,538.704,375.6,1819.616,5201.674,259401.6,,5402.16,48352.22,9877.32
2024-03-20,8.3,11.5,5.6,1.9,5.2,10.5,10.6,87.6,,12525.956,510295.6,3022.8,683.28,482.56,1927.968,6409.348,404928.0,,7218.18,91376.56,6772.86
2024-03-21,8.6,12.1,4.2,1.6,4.1,7.1,11.5,94.3,,14060.374,112633.43,3269.8,704.088,497.84,2435.168,7153.478,80582.4,,2847.6,25804.31,3399.12
2024-03-22,13.7,17.5,7.4,3.0,7.3,13.1,6.3,51.6,,8305.324,320430.31,1665.8,475.56,321.88,1931.968,3910.116,275731.2,,5036.22,31938.55,7724.34
2024-03-23,16.5,18.3,15.5,1.6,3.1,5.9,5.0,41.0,,3713.733,49544.76899999999,1411.8,285.12,325.2,1651.84,39.773,37267.2,,1066.14,9406.389,1805.04
2024-03-24,14.6,16.4,13.4,3.2,5.2,8.8,0.0,0.0,,978.875,264774.7,240.8,2.88,0.04,382.976,352.179,195408.0,,8734.86,60493.06,138.78
2024-03-25,13.7,14.2,13.1,3.4,5.1,9.4,0.0,0.0,,1170.344,286085.41,162.8,3.384,0.0,751.776,252.384,228124.8,,8361.9,48963.85,634.86
2024-03-26,12.8,16.5,9.9,1.9,5.8,11.0,9.4,76.4,,4220.008,246850.64,501.0,61.488,69.28,334.752,3253.488,187200.0,,4902.66,49540.76,5207.22
2024-03-27,12.7,16.4,8.7,1.5,3.0,5.7,7.6,61.3,,9328.276,64379.26999999999,2048.2,481.464,352.48,1909.76,4536.372,50227.2,,1051.38,11490.05,1610.64
2024-03-28,13.6,15.9,11.8,2.1,6.0,9.9,0.0,0.0,,985.967,288382.73,270.8,2.88,32.68,208.832,470.775,230918.4,,6427.26,46026.77,5010.3
2024-03-29,13.0,15.3,9.0,1.7,3.7,7.4,2.8,22.6,,12837.321,182146.05,2919.2,625.68,473.48,2282.336,6536.625,141638.4,,5463.9,30807.99,4235.76
2024-03-30,15.4,19.0,11.7,1.8,4.2,7.7,9.4,75.2,,7350.057,69519.01000000001,2536.2,228.888,385.04,1885.824,2314.105,47750.4,,2023.2,17389.75,2355.66
2024-03-31,14.7,19.3,12.9,0.9,2.2,4.1,0.2,1.6,,4617.18,20533.531,1056.2,189.36,188.12,861.44,2322.06,11030.4,,644.58,7508.371,1350.18
2024-04-01,15.9,20.3,11.7,1.0,2.4,3.9,10.9,87.2,,9391.141,26455.999,3035.8,298.008,506.6,2367.392,3183.341,9388.8,10955.52,401.22,5314.099,396.36
2024-04-02,16.6,18.2,13.6,1.3,3.1,6.2,0.0,0.0,,1519.662,267782.254,315.2,49.752,75.4,449.44,629.87,167644.8,57620.16,4571.46,37945.834,0.0
2024-04-03,15.9,17.9,14.8,1.6,4.1,7.8,0.0,0.0,,1321.851,71030.49,366.6,8.496,40.52,280.704,625.531,25200.0,31623.84,1289.7,12916.95,0.0
2024-04-04,14.2,15.1,13.5,1.0,2.6,4.2,0.0,0.0,,1783.219,37720.305,398.0,93.24,130.84,380.128,781.011,17596.8,1419.84,1355.58,17348.085,0.0
2024-04-05,14.8,18.2,12.5,2.0,4.4,9.1,8.4,66.1,,8746.833,79193.856,1677.0,491.4,362.6,2124.928,4090.905,45907.2,14988.96,1969.38,16328.316,0.0
2024-04-06,14.5,17.3,11.7,1.0,2.6,4.0,2.8,22.0,,5689.103,33775.56,1305.0,230.976,229.08,1025.632,2898.415,57.6,33310.08,62.28,345.6,0.0
2024-04-07,15.9,20.1,11.8,1.1,3.1,4.4,9.7,75.8,,7180.067,8078.7,2571.8,181.728,435.32,2022.784,1968.435,1958.4,4669.92,286.38,1164.0,0.0
2024-04-08,16.4,19.1,14.2,0.9,2.3,5.7,0.0,0.0,,2383.489,33658.38,548.4,62.856,84.32,477.344,1210.569,6681.6,25983.36,165.42,828.0,0.0
2024-04-09,15.3,18.9,11.8,1.8,3.1,8.0,8.3,64.8,21.0,10064.196,119501.653,2041.4,559.296,422.52,2108.32,4932.66,72662.4,22383.36,2812.5,21643.393,0.0
2024-04-10,14.8,18.0,12.1,2.4,4.6,8.8,9.8,76.0,23.42,9676.649,82114.13,2516.2,409.68,417.68,2273.28,4059.809,56419.2,6048.0,2087.82,17559.11,0.0
2024-04-11,16.5,19.2,13.7,1.3,2.9,5.1,0.0,0.0,5.5,2505.665,87948.861,613.0,77.256,93.08,610.112,1112.217,74966.4,4046.4,828.18,8107.881,0.0
2024-04-12,17.7,21.3,14.9,1.6,3.4,6.4,5.2,40.3,19.52,9905.215,43220.745,2386.6,479.16,357.96,1729.312,4952.183,38016.0,440.64,778.5,3985.605,0.0
2024-04-13,18.5,22.3,15.2,1.3,3.0,5.6,9.3,71.5,25.12,13220.729,39291.336,3095.8,635.688,477.4,2339.264,6672.577,36950.4,30.24,394.38,1916.316,0.0
2024-04-14,19.1,21.0,16.6,2.7,4.4,8.4,0.9,6.9,10.86,7854.936,386716.874,1402.8,435.168,351.36,1604.352,4061.256,287020.8,57260.16,4373.1,38062.814,0.0
2024-04-15,18.5,23.4,16.7,1.7,3.8,6.6,4.4,33.8,16.0,5258.0,391040.147,1608.4,167.112,158.88,767.968,2555.64,243878.4,79555.68,7955.1,59650.967,0.0
2024-04-16,17.9,23.3,15.2,1.3,3.5,6.9,7.6,58.5,16.87,9937.522,104908.863,2956.6,328.824,403.68,1968.768,4279.65,43948.8,39258.72,2339.28,19362.063,0.0
2024-04-17,16.1,19.0,13.2,1.0,2.6,3.5,0.6,4.6,11.37,6149.494,15492.788,1386.2,300.096,259.56,1091.168,3112.47,1728.0,10582.56,296.82,2885.408,0.0
2024-04-18,17.1,22.1,12.1,1.2,2.6,5.0,10.9,83.2,26.61,11036.416,146406.212,3228.6,426.672,525.52,2376.384,4479.24,56534.4,68457.6,2349.72,19064.492,0.0
2024-04-19,18.4,23.1,13.6,1.2,3.4,5.8,8.5,64.9,21.05,10614.963,39883.773,2429.4,515.952,401.88,1859.232,5408.499,16588.8,15243.84,788.58,7262.553,0.0
2024-04-20,16.5,19.5,14.1,1.7,3.4,7.9,0.0,0.0,1.99,4276.007,204172.135,1249.8,140.472,131.12,528.736,2225.879,100598.4,66529.44,3239.64,33804.655,0.0
2024-04-21,14.9,16.6,13.4,1.4,2.8,5.9,0.0,0.0,4.69,2228.787,4659.472,224.0,234.144,200.12,256.544,1313.979,1929.6,698.4,247.68,1783.792,0.0
2024-04-22,16.0,17.1,15.4,2.4,4.4,7.7,0.0,0.0,4.63,1445.719,197598.43,139.6,114.048,124.04,610.272,457.759,120412.8,22200.48,5382.0,49603.15,0.0
2024-04-23,15.8,17.9,15.0,3.0,5.9,10.3,0.7,5.3,9.22,1308.518,239753.688,216.0,64.224,78.88,391.136,558.278,155088.0,21132.0,9053.1,54480.588,0.0
2024-04-24,17.0,21.8,13.5,2.2,5.6,12.3,10.8,81.2,27.6,11910.841,207466.264,3120.8,519.264,229.52,2352.896,5688.361,122947.2,46215.36,5144.4,33159.304,0.0
2024-04-25,16.3,20.5,11.7,1.6,3.1,6.3,11.2,84.2,27.28,12803.504,62827.729,3101.4,550.728,580.6,3087.072,5483.704,22521.6,25427.52,1246.14,13632.469,0.0
2024-04-26,17.6,21.2,15.0,1.0,2.4,4.3,3.0,22.4,15.39,6867.471,1608.411,1687.4,231.192,225.96,1431.104,3291.815,259.2,982.08,48.96,318.171,0.0
2024-04-27,19.0,22.4,16.7,1.3,3.4,5.1,10.6,79.1,27.3,10462.808,11501.723,3107.2,329.976,559.68,3033.12,3432.832,2793.6,7843.68,306.18,558.263,0.0
2024-04-28,19.9,24.4,15.3,1.6,3.4,7.7,7.2,53.7,20.06,10152.383,26128.506,2263.0,462.456,392.2,2076.032,4958.695,20966.4,2221.92,435.06,2505.126,0.0
2024-04-29,18.9,20.7,17.2,2.3,5.0,10.4,0.0,0.0,4.42,1579.223,223494.861,443.4,20.952,53.16,548.992,512.719,160934.4,24612.48,5840.64,32107.341,0.0
2024-04-30,18.2,21.6,16.6,1.0,2.7,5.0,2.3,17.0,14.28,10295.633,103297.885,2378.2,519.984,260.72,1634.944,5501.785,43372.8,33043.68,2435.04,24446.365,0.0
2024-05-01,16.1,17.9,14.1,2.5,5.5,10.6,0.6,4.4,9.64,3162.496,176396.771,640.8,90.36,0.0,1029.856,1401.48,96451.2,38255.04,4574.52,37116.011,0.0
2024-05-02,16.7,22.0,13.6,2.5,5.5,11.3,8.6,63.7,24.52,11041.14,68041.179,2891.8,447.912,486.04,2764.352,4451.036,28051.2,28408.32,1334.7,10246.959,0.0
2024-05-03,17.7,22.4,13.0,1.7,3.2,7.3,12.2,89.7,28.77,12881.444,46024.089,3194.6,534.672,520.04,2992.224,5639.908,11606.4,31419.36,398.88,2599.449,0.0
2024-05-04,20.4,22.5,17.2,2.3,4.8,8.8,0.3,2.2,9.41,7359.878,203225.31,1628.8,427.896,348.04,1546.176,3408.966,117244.8,55219.68,2236.32,23617.53,4906.98
2024-05-05,19.5,20.3,17.8,4.0,7.9,15.2,0.0,0.0,0.86,669.084,614827.984,132.6,5.184,29.32,316.128,185.852,314121.6,228008.16,2764.62,64145.884,5787.72
2024-05-06,17.9,22.3,16.1,2.5,6.2,11.6,6.7,48.9,21.97,9674.186,162229.784,2279.4,538.416,430.48,2373.312,4052.578,112608.0,8271.36,2142.54,37610.024,1597.86
2024-05-07,18.4,23.5,14.6,2.8,5.1,11.2,12.4,90.5,27.33,12239.035,329804.582,3114.0,511.848,545.12,2867.84,5200.227,192470.4,70420.32,10435.86,50821.862,5656.14
2024-05-08,15.0,17.9,13.6,2.8,6.0,10.9,3.7,27.0,15.72,3246.458,191260.01,638.2,144.0,170.28,767.392,1526.586,107913.6,37856.16,3836.88,36275.69,5377.68
2024-05-09,16.7,21.2,11.6,1.6,5.2,9.1,12.7,92.7,29.08,11041.525,58753.042,3161.4,383.976,582.68,3055.424,3858.045,30384.0,13315.68,1195.02,13761.862,96.48
2024-05-10,18.2,22.4,12.5,1.7,3.2,5.8,12.7,92.0,29.42,10785.508,82449.194,3181.4,345.528,572.12,3015.712,3670.748,26726.4,43372.8,900.18,11449.814,0.0
2024-05-11,19.6,22.6,17.8,1.4,2.6,5.4,0.5,3.6,9.01,5789.895,441736.312,951.8,307.8,274.76,1401.952,2853.583,244713.6,140513.76,5124.06,51384.892,0.0
2024-05-12,17.7,19.1,14.4,1.3,3.4,7.7,0.0,0.0,4.17,3430.456,436892.965,945.8,154.296,48.92,1072.32,1209.12,147772.8,201535.2,6589.08,78156.925,2838.96
2024-05-13,19.0,24.0,12.9,2.0,5.0,11.8,12.6,91.3,29.44,11022.043,138955.07,3169.4,517.608,424.92,3007.232,3902.883,38908.8,77513.76,1218.42,18109.73,3204.36
2024-05-14,18.7,23.1,14.0,1.7,2.9,5.6,12.6,90.6,30.03,10853.517,7924.169,3129.4,351.792,581.44,3023.232,3767.653,720.0,4348.8,282.6,2547.749,25.02
2024-05-15,18.0,24.0,13.6,2.3,5.4,12.9,12.1,87.1,29.92,9907.882,353108.513,2892.8,315.216,558.92,2615.552,3525.394,232300.8,58786.56,6611.58,54980.273,429.3
2024-05-16,18.6,23.2,13.8,3.3,5.4,11.7,12.6,90.6,30.17,12669.626,533710.727,3336.8,496.44,603.28,3147.136,5085.97,342604.8,90360.0,11259.0,86000.867,3486.06
2024-05-17,19.8,23.4,16.5,2.2,4.2,8.3,12.5,89.9,30.31,14034.251,103766.949,3153.2,289.728,579.04,3004.16,7008.123,16272.0,64235.52,1733.94,14171.769,7353.72
2024-05-18,20.2,23.7,16.7,1.3,2.2,4.3,12.5,89.3,30.1,13564.947,59782.677,3131.0,243.216,571.4,2935.904,6683.427,31708.8,10591.2,1504.44,12571.737,3406.5
2024-05-19,21.4,26.7,16.3,1.3,2.8,4.2,12.6,90.0,30.6,13950.121,24334.327,3105.6,372.96,584.12,3002.976,6884.465,8784.0,3238.56,1198.08,10631.827,481.86
2024-05-20,20.9,24.2,16.5,1.1,2.8,5.1,9.6,68.6,22.52,12172.532,36494.931,2662.0,556.056,496.6,2507.008,5950.868,12297.6,12952.8,687.42,9842.691,714.42
2024-05-21,20.4,24.4,16.7,2.2,4.6,9.3,11.0,78.6,28.08,9227.322,94924.467,2187.0,384.408,354.12,2842.208,3459.586,58032.0,9024.48,2252.16,24350.247,1265.58
2024-05-22,20.5,24.0,18.3,2.3,4.7,9.2,0.5,3.6,13.78,7758.647,44115.952,1888.8,360.864,333.52,1905.344,3270.119,30844.8,4.32,1454.22,11812.612,0.0
2024-05-23,22.0,25.9,18.3,1.0,3.3,5.1,9.8,69.5,24.33,11901.774,36698.136,2471.4,553.464,477.32,2678.688,5720.902,15523.2,9515.52,894.06,10595.076,170.28
2024-05-24,22.6,27.5,18.2,1.3,3.6,7.0,12.5,88.7,28.73,13870.534,125322.312,3009.0,575.64,565.84,3068.448,6651.606,38736.0,58390.56,1841.22,22969.452,3385.08
2024-05-25,21.4,25.5,19.1,3.0,5.4,10.3,11.4,80.9,28.56,11902.476,144519.313,2823.0,300.456,454.56,3016.48,5307.98,100540.8,9050.4,3517.56,31127.593,282.96
2024-05-26,20.9,22.7,18.2,1.5,3.5,7.9,0.1,0.7,2.33,3449.771,183650.238,523.2,168.336,181.92,1599.328,976.987,112838.4,23292.0,2501.64,34367.958,10650.24
2024-05-27,20.9,23.9,18.4,1.2,4.2,9.4,0.5,3.5,9.92,7801.333,298014.925,1676.6,349.2,317.48,2009.312,3448.741,90230.4,138667.68,5143.32,54857.605,9115.92
2024-05-28,20.6,25.3,16.9,1.9,5.1,9.8,11.7,82.4,30.29,14317.232,149170.375,3180.0,374.472,601.68,3131.264,7029.816,41904.0,77790.24,1255.86,16439.275,11781.0
2024-05-29,20.1,24.0,16.1,1.4,2.5,5.5,12.4,87.3,29.35,13723.382,13242.015,2986.2,633.816,558.36,2979.456,6565.55,10512.0,33.12,509.76,1639.935,547.2
2024-05-30,21.0,25.0,18.2,1.2,2.4,4.5,4.9,34.5,19.25,8942.061,22612.86,2027.4,321.768,50.04,1991.296,4551.557,15609.6,2841.12,368.28,2822.76,971.1
2024-05-31,18.7,22.7,16.1,1.3,3.3,6.1,1.8,12.7,11.12,8392.067,62386.637,1813.2,361.512,404.96,1785.856,4026.539,19094.4,27757.44,1066.5,13973.657,494.64
2024-06-01,20.8,24.5,16.5,1.4,2.6,5.6,9.1,64.1,25.57,9902.321,274838.601,2766.8,374.688,47.4,2303.616,4409.817,112694.4,86078.88,6591.78,57292.221,12181.32
2024-06-02,21.9,27.2,18.2,1.9,4.8,9.4,6.5,45.8,20.93,8351.067,205457.26,2370.6,327.312,0.0,2388.096,3265.059,79632.0,67186.08,3500.1,51285.1,3853.98
2024-06-03,21.5,25.5,19.1,1.1,2.6,6.6,9.2,64.8,24.22,9833.448,69299.598,2534.6,421.56,365.32,2430.464,4081.504,32083.2,22032.0,1068.12,12536.418,1579.86
2024-06-04,20.5,23.8,17.8,1.9,3.7,10.1,12.0,83.9,28.67,12682.838,42658.793,2451.8,650.088,576.72,2986.112,6018.118,25632.0,7734.24,807.3,6602.813,1882.44
2024-06-05,20.0,23.5,16.2,2.5,5.9,12.1,4.0,28.0,16.64,7934.232,60435.58,1620.6,393.048,358.64,2004.736,3557.208,32918.4,14235.84,865.98,10882.84,1532.52
2024-06-06,20.1,23.2,18.3,1.8,3.7,6.2,0.0,0.0,8.27,4512.871,31113.365,1039.8,202.392,212.4,809.984,2248.295,21945.6,892.8,242.82,7154.645,877.5
2024-06-07,21.3,23.9,19.0,1.7,3.3,6.2,0.3,2.1,10.2,6138.665,63976.962,1134.4,277.128,273.72,1875.36,2578.057,33379.2,10033.92,817.2,14094.822,5651.82
2024-06-08,21.7,23.6,20.2,0.8,2.1,5.2,0.0,0.0,6.8,3828.869,94226.885,912.8,115.776,152.36,1047.584,1600.349,35971.2,36175.68,724.5,16668.485,4687.02
2024-06-09,21.8,24.8,19.7,1.2,3.5,6.0,4.8,33.6,15.63,5552.671,115684.08,1217.2,232.128,241.72,1415.904,2445.719,25286.4,56602.08,1856.16,24598.5,7340.94
2024-06-10,21.8,26.1,18.0,1.7,3.9,6.8,11.7,81.8,28.87,12878.015,25800.038,2865.2,572.544,519.76,2802.592,6117.919,14256.0,2888.64,537.84,7482.158,635.4
2024-06-11,21.7,25.5,17.4,1.1,2.8,5.0,6.9,48.3,21.55,10181.699,2328.119,2255.4,463.176,428.16,2226.688,4808.275,1555.2,635.04,101.7,26.819,9.36
2024-06-12,23.6,27.0,20.0,1.1,1.9,4.3,9.1,63.6,22.28,9986.098,14195.907,2176.6,425.52,416.32,2238.208,4729.45,6307.2,1003.68,433.08,6122.367,329.58
2024-06-13,24.5,28.0,20.7,1.5,3.6,5.9,12.4,86.7,29.33,12667.832,8620.77,2681.8,612.432,575.32,2805.472,5992.808,1180.8,4380.48,225.36,2489.25,344.88
2024-06-14,24.6,27.9,21.9,1.2,2.3,4.7,4.1,28.7,18.31,7355.202,48306.841,265.6,468.864,432.6,2510.88,3677.258,32601.6,1500.48,1041.12,11569.201,1594.44
2024-06-15,25.0,27.6,22.7,1.3,2.3,4.2,6.3,43.8,22.92,9538.996,31327.038,1642.8,476.784,427.44,2825.856,4166.116,15984.0,512.64,771.3,13767.858,291.24
2024-06-16,25.2,29.7,21.2,0.9,2.0,4.0,11.1,77.1,25.37,11334.89,103771.593,1679.0,540.504,476.36,2545.696,6093.33,29030.4,49089.6,1402.38,23739.453,509.76
2024-06-17,21.2,23.2,18.4,1.1,2.4,4.4,0.5,3.5,5.25,3048.894,29736.488,721.8,82.08,130.52,777.376,1337.118,9849.6,13394.88,338.76,5106.188,1047.06
2024-06-18,24.4,30.1,16.9,1.2,2.1,3.7,12.8,88.9,30.27,14043.082,184667.705,3109.6,628.848,586.76,2990.336,6727.538,53078.4,95211.36,3433.5,32519.825,424.62
2024-06-19,23.9,28.9,21.6,1.4,2.7,4.9,5.6,38.9,16.7,9014.919,59056.767,1931.8,394.128,380.4,1963.136,4345.455,27475.2,16185.6,727.02,9989.127,4679.82
2024-06-20,21.6,22.9,20.4,2.0,4.1,8.2,0.0,0.0,1.08,483.887,273360.322,108.0,0.0,21.0,182.784,172.103,163382.4,43876.8,3555.36,50404.762,12141.0
2024-06-21,23.4,25.6,21.4,0.8,2.1,3.9,0.6,4.2,12.43,5975.208,36227.303,1086.4,196.92,287.64,2153.056,2251.192,20995.2,586.08,520.56,10371.563,3753.9
2024-06-22,23.7,24.3,23.4,1.8,4.3,9.4,0.0,0.0,1.88,1758.59,139086.262,331.4,21.456,61.32,805.664,538.75,60249.6,46792.8,2442.06,18048.322,11553.48
2024-06-23,23.4,25.2,22.3,1.9,4.1,8.4,0.3,2.1,8.24,5396.43,80840.309,1271.6,196.344,205.96,1268.128,2454.398,41155.2,16701.12,2045.88,17971.529,2966.58
2024-06-24,23.9,27.4,22.3,2.4,4.5,9.0,3.9,27.1,17.15,8229.729,68351.218,1627.4,341.352,326.08,2252.576,3682.321,32486.4,6917.76,2301.12,24901.378,1744.56
2024-06-25,22.3,24.3,20.4,0.8,2.4,6.7,0.0,0.0,3.92,3537.923,40013.676,824.0,103.464,147.36,822.976,1640.123,15379.2,17733.6,256.32,5536.836,1107.72
2024-06-26,22.1,25.3,20.1,1.0,2.1,4.2,1.3,9.0,12.05,7001.197,4656.039,1562.8,283.176,283.92,1682.176,3189.125,1094.4,2125.44,122.4,1177.719,136.08
2024-06-27,22.2,22.9,21.3,1.2,3.5,7.6,0.0,0.0,1.9,976.666,59911.835,270.4,9.432,50.28,226.4,420.154,28080.0,7904.16,1096.92,20220.395,2610.36
2024-06-28,22.8,25.5,21.0,1.1,2.5,4.5,0.7,4.9,9.45,5355.608,19921.32,950.6,372.168,348.84,1581.056,2102.944,12297.6,1215.36,416.52,5013.72,978.12
2024-06-29,23.8,24.6,22.3,2.1,4.2,11.2,0.0,0.0,0.95,815.104,247690.829,134.4,11.016,40.48,446.976,182.232,100051.2,83544.48,3544.02,46723.709,13827.42
2024-06-30,23.9,24.9,23.2,3.8,7.7,16.3,0.0,0.0,1.25,3130.747,286572.05,880.2,77.976,118.6,876.672,1177.299,119606.4,115208.64,1994.76,35636.39,14125.86
2024-07-01,24.5,28.0,23.3,1.5,3.0,6.5,0.6,4.2,8.3,3894.713,35581.0,726.4,111.096,147.32,1200.352,1709.545,14947.0,10457.0,506.0,5919.0,3751.0
2024-07-02,25.3,26.4,23.9,2.2,3.6,9.6,0.0,0.0,3.97,6032.254,447418.0,846.0,478.8,453.36,2898.176,1355.918,227952.0,134447.0,4246.0,61997.0,18776.0
2024-07-03,24.9,25.6,24.2,2.4,4.7,10.5,0.0,0.0,3.32,9025.715,130073.0,1505.8,379.512,386.12,2424.736,4329.547,22954.0,80185.0,596.0,19968.0,6371.0
2024-07-04,26.0,28.7,24.4,2.2,3.5,7.3,2.2,15.4,16.18,13232.034,55411.0,2878.2,544.824,532.24,2889.12,6387.65,230.0,47399.0,145.0,1421.0,6216.0
2024-07-05,25.9,28.8,24.9,2.2,4.2,7.8,5.2,36.4,20.2,10266.021,34613.0,2518.2,515.52,503.4,2440.576,4288.325,8035.0,17814.0,628.0,5159.0,2977.0
2024-07-06,27.1,28.5,25.9,1.9,3.1,7.6,0.1,0.7,6.97,12492.37,228358.0,2928.4,510.984,493.0,2656.128,5903.858,9590.0,152512.0,920.0,52099.0,13237.0
2024-07-07,26.6,27.8,26.1,1.9,2.9,7.1,0.0,0.0,2.57,9763.254,174112.0,2164.0,430.488,426.72,2008.256,4733.79,25286.0,110101.0,1220.0,26801.0,10704.0
2024-07-08,26.9,27.7,26.2,2.1,4.3,8.9,0.0,0.0,2.94,11190.241,141465.0,2441.8,418.032,409.88,2445.504,5475.025,9130.0,113439.0,712.0,8196.0,9989.0
2024-07-09,27.4,29.0,26.3,2.3,4.1,9.4,0.0,0.0,7.63,9795.2,234126.0,2123.2,392.688,389.4,2355.712,4534.2,35395.0,166815.0,2316.0,17106.0,12494.0
2024-07-10,25.4,26.6,23.7,2.7,5.0,11.8,0.0,0.0,3.21,1661.151,198350.0,431.8,19.728,52.8,455.36,701.463,81043.0,82489.0,2505.0,24609.0,7704.0
2024-07-11,22.7,24.4,21.8,0.9,3.6,6.4,0.0,0.0,3.95,2532.741,50866.0,517.0,51.624,87.72,682.464,1193.933,16416.0,22702.0,818.0,10867.0,63.0
2024-07-12,24.7,28.3,20.8,1.2,2.8,4.4,10.8,76.1,27.2,6360.325,10418.0,910.0,262.728,290.04,1660.704,3236.853,5587.0,3109.0,136.0,1533.0,53.0
2024-07-13,25.0,26.0,24.2,1.3,2.6,4.7,0.0,0.0,3.55,1950.988,90970.0,363.2,44.136,88.6,580.032,875.02,51235.0,12108.0,1588.0,19616.0,6423.0
2024-07-14,25.4,27.8,24.0,1.3,2.5,5.8,0.1,0.7,5.39,2906.0,56478.0,618.6,61.416,93.72,837.088,1295.176,30643.0,7433.0,1186.0,15530.0,1686.0
2024-07-15,25.4,27.1,24.4,1.2,3.7,8.6,0.0,0.0,5.14,3404.645,41201.0,731.6,116.568,141.88,966.112,1448.485,15206.0,15157.0,622.0,6195.0,4020.0
2024-07-16,27.8,30.0,25.3,2.5,4.7,9.5,2.1,14.9,15.66,6786.708,137392.0,728.2,281.16,287.12,2238.912,3251.316,27274.0,73930.0,1479.0,27409.0,7301.0
2024-07-17,28.1,30.9,26.9,2.0,4.5,7.8,2.3,16.3,15.98,8247.89,315176.0,1289.8,462.456,430.96,2817.696,3246.978,136656.0,118403.0,3847.0,42847.0,13424.0
2024-07-18,27.4,28.2,26.2,2.2,4.3,10.8,0.0,0.0,3.42,7363.674,250820.0,1751.8,281.664,290.56,1821.6,3218.05,105725.0,94238.0,3760.0,38273.0,8825.0
2024-07-19,26.7,27.8,23.7,1.4,3.6,10.9,0.1,0.7,5.47,6378.616,69225.0,1288.8,232.704,233.84,1477.536,3145.736,14544.0,41443.0,411.0,8558.0,4268.0
2024-07-20,28.5,30.8,27.3,1.9,3.1,7.6,1.0,7.1,11.82,11687.955,160042.0,2566.2,533.592,500.8,2946.432,5140.931,17654.0,94035.0,1985.0,35754.0,10614.0
2024-07-21,28.9,31.2,27.4,2.2,3.8,8.1,3.6,25.7,16.16,10132.891,98705.0,2206.4,336.816,333.56,1773.856,5482.259,24422.0,49332.0,1383.0,19848.0,3721.0
2024-07-22,29.4,32.3,27.6,2.1,3.8,7.1,6.4,45.7,22.05,11235.791,189457.0,2539.2,496.224,470.64,2662.56,5067.167,67853.0,83016.0,1702.0,28038.0,8848.0
2024-07-23,30.0,33.0,28.5,1.8,3.0,6.8,6.5,46.4,22.17,10085.033,226108.0,2208.6,521.784,492.16,2800.512,4061.977,83606.0,87686.0,2762.0,44227.0,7826.0
2024-07-24,30.3,32.7,28.1,1.4,2.4,4.5,9.9,70.7,23.78,9187.743,130752.0,2028.8,315.144,276.72,2406.752,4160.327,55584.0,47717.0,1497.0,19942.0,6012.0
2024-07-25,29.8,32.6,27.2,1.6,3.0,10.0,6.5,46.8,20.49,8169.718,293081.0,1425.2,449.928,474.04,1941.536,3879.014,159782.0,85707.0,2969.0,33235.0,11387.0
2024-07-26,27.8,30.5,25.6,2.0,6.0,13.7,0.1,0.7,6.77,3522.068,494723.0,442.8,183.24,203.84,425.088,2267.1,277171.0,149594.0,5016.0,47982.0,14960.0
2024-07-27,29.4,32.7,27.2,2.4,4.0,8.2,2.9,20.9,17.39,4888.146,468270.0,620.6,328.968,314.6,1045.92,2578.058,227520.0,171991.0,4155.0,50750.0,13854.0
2024-07-28,29.7,32.5,28.0,2.0,3.6,7.4,6.7,48.2,22.28,11467.111,278993.0,2522.4,530.784,498.4,2659.616,5255.911,144230.0,85545.0,3313.0,35516.0,10388.0
2024-07-29,29.5,32.7,27.3,2.2,4.7,8.2,11.1,80.4,28.01,11075.571,25103.0,2244.8,526.536,490.0,2546.752,5267.483,259.0,18953.0,262.0,2993.0,2636.0
2024-07-30,29.4,32.4,27.4,2.4,4.6,9.1,12.3,89.1,28.23,11445.439,13524.0,2068.4,563.112,529.12,2969.6,5315.207,,1050.0,895.0,10834.0,745.0
2024-07-31,30.2,32.7,27.9,2.2,4.0,7.3,12.0,87.0,28.23,12022.994,30079.0,2048.4,566.928,526.28,2672.352,6209.034,,23160.0,190.0,3528.0,3201.0
2024-08-01,30.2,32.4,28.3,2.2,4.1,7.1,9.7,70.3,24.56,11977.603,47439.0,2270.8,505.728,469.48,2771.328,5960.267,,35754.0,708.0,6893.0,4084.0
2024-08-02,30.1,32.1,28.7,2.0,4.1,6.5,6.9,50.0,17.71,9443.842,10128.0,2153.4,521.28,481.84,2693.952,3593.37,1843.0,6756.0,86.0,318.0,1124.0
2024-08-03,30.6,33.3,28.2,1.5,3.2,6.0,10.4,75.9,20.4,8893.347,1143.0,1747.0,523.224,481.48,2376.16,3765.483,576.0,197.0,93.0,134.0,142.0
2024-08-04,30.5,34.2,27.5,1.1,2.8,4.6,9.0,65.7,22.32,8359.079,3363.0,1491.2,538.272,492.0,2769.248,3068.359,1181.0,854.0,87.0,1242.0,
2024-08-05,30.1,33.6,27.7,1.1,2.4,4.7,6.5,47.4,16.92,8649.638,19586.0,1614.8,526.536,474.2,1925.12,4108.982,11261.0,2589.0,732.0,4994.0,10.0
2024-08-06,30.6,33.6,27.4,1.7,2.8,5.3,10.0,73.0,21.46,10050.557,26292.0,2172.6,486.864,446.0,2379.072,4566.021,19296.0,658.0,507.0,5584.0,247.0
2024-08-07,30.2,33.3,27.3,1.3,2.0,4.6,9.2,67.6,22.8,12713.231,2421.0,2852.2,533.376,485.96,2788.864,6052.831,173.0,1650.0,105.0,38.0,455.0
2024-08-08,30.4,34.0,26.7,1.5,3.1,5.8,9.5,69.9,23.33,12018.049,23304.0,2677.4,523.656,484.68,2621.536,5710.777,6250.0,11788.0,206.0,4926.0,134.0
2024-08-09,30.3,34.3,27.7,1.6,3.4,6.1,10.3,75.7,26.36,9334.461,7778.0,1408.4,525.528,478.2,2768.512,4153.821,317.0,6948.0,128.0,367.0,19.0
2024-08-10,29.7,33.3,27.1,1.4,2.5,5.4,7.3,54.1,18.52,9948.364,13443.0,1934.8,510.552,467.56,2510.656,4524.796,10483.0,17.0,358.0,2332.0,253.0
2024-08-11,30.1,33.6,27.3,1.5,2.5,4.4,6.3,46.7,18.34,10149.361,34922.0,1965.8,523.008,455.64,2672.16,4532.753,26064.0,642.0,1169.0,6628.0,419.0
2024-08-12,29.8,33.0,26.5,2.0,3.5,6.6,11.9,88.1,26.56,12616.665,20382.0,2793.4,553.752,499.8,2881.76,5887.953,18720.0,922.0,520.0,,221.0
2024-08-13,29.8,33.9,27.5,2.6,4.8,9.8,8.9,65.9,20.19,10322.919,44342.0,2275.6,519.696,452.0,2461.152,4614.471,30010.0,12152.0,1027.0,,1153.0
2024-08-14,29.3,32.4,26.4,2.5,4.7,8.7,7.6,56.7,15.68,5633.426,32268.0,1100.8,283.32,293.48,1122.496,2833.33,25718.0,4455.0,797.0,,1297.0
2024-08-15,29.9,33.6,26.5,2.3,4.5,10.6,7.2,53.7,19.37,5282.739,13555.0,1202.0,165.168,181.56,1196.448,2537.563,10166.0,2369.0,432.0,,587.0
2024-08-16,28.8,32.7,23.8,1.6,4.8,8.8,8.4,62.7,22.32,9991.785,15189.0,1949.6,409.752,354.68,1765.12,5512.633,9821.0,4177.0,381.0,,810.0
2024-08-17,28.9,32.8,26.0,1.8,4.3,8.8,5.5,41.4,14.82,7265.229,19975.0,1253.0,415.224,401.36,1811.264,3384.381,15552.0,2965.0,585.0,,872.0
2024-08-18,28.8,31.7,26.8,2.2,4.6,9.1,6.1,45.9,17.31,8118.766,36357.0,1745.0,418.608,363.2,2351.488,3240.47,26726.0,6922.0,1508.0,,1201.0
2024-08-19,30.2,33.5,26.9,2.0,4.1,7.6,10.7,80.5,25.15,10647.251,28818.0,2048.4,529.416,202.16,2786.368,5080.907,24941.0,2205.0,818.0,,855.0
2024-08-20,29.3,32.1,27.6,2.7,7.5,14.1,1.1,8.3,9.89,5448.467,339030.0,981.6,255.24,13.72,1137.504,3060.403,203645.0,122283.0,2845.0,,10257.0
2024-08-21,30.3,33.4,28.2,3.1,4.8,9.4,3.5,26.5,13.95,6295.405,216794.0,1131.8,199.008,276.52,1787.488,2900.589,127814.0,76461.0,2458.0,,10060.0
2024-08-22,29.3,32.0,27.2,2.9,5.3,11.4,5.4,40.9,14.94,8116.635,185814.0,1720.6,228.384,311.76,1937.824,3918.067,117302.0,59878.0,2177.0,,6457.0
2024-08-23,29.4,32.7,25.8,1.5,4.0,6.6,7.7,58.8,20.79,7006.399,13696.0,1352.8,318.312,399.76,1786.176,3149.351,10829.0,2550.0,252.0,,65.0
2024-08-24,29.3,32.9,26.3,1.2,2.0,3.9,8.3,63.4,21.48,9404.585,1718.0,1561.2,382.392,454.96,2370.592,4635.441,1094.0,235.0,102.0,,287.0
2024-08-25,28.9,32.7,26.2,1.4,2.5,4.7,7.4,56.5,17.65,12206.867,9820.0,2527.6,388.728,454.44,2756.512,6079.587,29.0,9059.0,92.0,,640.0
2024-08-26,29.1,32.7,25.1,1.5,2.3,4.9,8.8,67.2,21.5,10499.495,5782.0,1892.4,370.944,444.8,2505.792,5285.559,3427.0,2107.0,120.0,,129.0
2024-08-27,30.1,34.0,26.5,2.2,4.3,8.9,8.4,64.6,21.26,7934.625,72259.0,1489.6,327.744,389.6,1763.328,3964.353,58752.0,9634.0,1847.0,,2026.0
2024-08-28,29.2,32.1,27.4,4.4,6.9,14.8,7.3,56.2,21.34,3556.992,623646.0,437.4,222.48,295.24,961.024,1640.848,452189.0,155606.0,2517.0,,13333.0
2024-08-29,30.5,34.6,28.1,3.2,6.0,12.1,8.8,67.7,22.82,8734.078,306215.0,1806.0,318.6,363.28,1836.384,4409.814,157334.0,135359.0,2938.0,,10585.0
2024-08-30,30.3,34.7,26.9,1.5,4.1,8.0,10.6,82.2,25.17,12959.693,252464.0,2961.2,445.32,499.84,2596.256,6457.077,94378.0,133906.0,4371.0,9359.0,10451.0
2024-08-31,28.8,32.8,25.5,1.5,3.0,5.1,10.7,82.9,25.82,13306.828,281655.0,3065.6,455.256,516.16,2589.28,6680.532,130378.0,110942.0,4810.0,26792.0,8733.0
2024-09-01,28.2,32.1,25.0,1.5,2.9,5.4,10.1,78.3,25.27,9822.515,13026.0,1665.6,387.288,440.6,2451.328,4877.699,11146.0,22.0,280.0,1576.0,4.0
2024-09-02,28.1,31.9,24.0,1.8,3.4,5.7,10.4,81.3,22.97,9753.642,8342.0,2118.6,328.896,380.68,2580.736,4344.73,5098.0,2105.0,104.0,1036.0,
2024-09-03,27.9,31.9,24.9,1.7,3.6,6.6,3.6,28.1,14.88,5778.0,84958.0,1189.0,200.0,253.0,1797.0,2339.0,61834.0,2442.0,2740.0,17099.0,844.0
2024-09-04,28.1,31.4,25.3,2.4,4.2,8.7,7.9,61.7,22.4,8843.0,108807.0,1912.0,355.0,403.0,2579.0,3593.0,72893.0,8152.0,3110.0,23812.0,841.0
2024-09-05,28.5,31.9,25.8,1.4,3.1,4.8,10.5,82.7,23.57,10657.185,15289.0,1805.8,395.352,437.12,2746.368,5272.545,13018.0,72.0,781.0,1120.0,299.0
2024-09-06,28.9,33.1,25.0,1.5,3.3,5.4,9.7,76.4,23.24,9476.764,7247.0,1532.4,304.704,359.04,2338.56,4942.06,4378.0,1064.0,214.0,1452.0,138.0
2024-09-07,28.6,33.5,25.3,1.6,3.1,5.7,7.2,56.7,18.49,7333.0,6799.0,1477.0,166.0,226.0,2308.0,3157.0,2246.0,2336.0,233.0,1315.0,669.0
2024-09-08,28.2,32.2,25.8,1.4,2.3,4.8,5.8,46.0,15.53,7287.025,5859.0,1333.6,363.168,404.32,1500.0,3685.937,5242.0,361.0,159.0,4.0,93.0
2024-09-09,29.3,33.1,26.2,2.4,4.5,9.2,10.0,79.4,21.91,9700.11,64968.0,1980.0,388.368,415.64,2400.704,4515.398,44611.0,8719.0,1542.0,9275.0,820.0
2024-09-10,29.8,34.2,26.7,2.8,5.3,10.0,7.7,61.1,20.51,6663.898,194603.0,1271.4,265.968,328.76,1266.592,3531.178,123984.0,29236.0,3430.0,35942.0,2010.0
2024-09-11,28.8,31.5,26.6,1.8,4.0,9.1,3.2,25.6,12.62,4373.0,178078.0,749.0,108.0,162.0,1453.0,1903.0,118541.0,33828.0,1590.0,19790.0,4329.0
2024-09-12,29.6,32.9,27.4,1.3,2.5,5.5,8.1,64.8,21.34,9627.269,120019.0,1848.4,359.712,404.76,2581.44,4432.957,85018.0,17849.0,1189.0,13172.0,2791.0
2024-09-13,29.1,32.6,25.5,1.4,2.4,4.4,10.6,84.8,22.98,10368.0,11720.0,1732.0,416.0,462.0,2414.0,5343.0,11030.0,48.0,191.0,197.0,254.0
2024-09-14,30.2,34.5,25.1,2.0,4.2,8.3,10.8,87.1,23.1,11679.495,26709.0,2638.0,405.288,429.0,2735.072,5472.135,5674.0,17388.0,174.0,730.0,2744.0
2024-09-15,30.8,34.0,29.3,3.7,6.1,11.7,6.4,51.6,16.33,7415.705,247509.0,1425.2,315.144,346.28,1648.928,3680.153,156038.0,54444.0,4791.0,29051.0,3185.0
2024-09-16,29.1,31.6,28.1,2.3,5.5,10.3,1.6,12.9,9.37,3971.0,142356.0,755.0,154.0,210.0,1065.0,1786.0,99101.0,30100.0,853.0,10343.0,1959.0
2024-09-17,29.0,31.8,26.6,1.3,3.1,6.3,5.4,43.9,12.91,4340.423,6690.0,995.8,198.144,242.32,884.384,2019.775,5357.0,626.0,120.0,323.0,264.0
2024-09-18,30.1,33.1,27.6,1.9,3.1,7.4,9.6,78.0,22.23,9457.0,30230.0,1821.0,372.0,409.0,2275.0,4581.0,24710.0,2938.0,680.0,1362.0,540.0
2024-09-19,29.3,33.0,25.9,2.7,4.8,10.5,6.6,53.7,16.2,6482.757,256985.0,972.0,306.36,349.88,1423.136,3431.381,140256.0,63936.0,3119.0,39718.0,9957.0
2024-09-20,28.1,29.1,25.1,3.1,5.7,11.9,0.0,0.0,5.38,2479.865,399308.0,498.8,55.728,108.24,829.984,987.113,227462.0,106132.0,3511.0,48545.0,13657.0
2024-09-21,27.7,28.5,26.3,4.5,8.8,16.7,0.1,0.8,2.84,1237.172,457748.0,230.8,20.088,60.48,369.696,556.108,215539.0,164461.0,4182.0,56338.0,17228.0
2024-09-22,26.0,28.8,24.2,2.1,4.6,9.1,1.0,8.3,10.65,3001.68,270358.0,692.8,52.272,112.44,321.088,1823.08,108288.0,99685.0,4874.0,42552.0,14959.0
2024-09-23,24.2,27.2,22.1,4.0,7.1,13.8,9.1,75.2,19.74,6008.431,495566.0,819.0,269.208,295.28,2169.824,2455.119,361411.0,79697.0,6454.0,38684.0,9320.0
2024-09-24,24.5,28.2,21.7,3.1,6.1,11.4,8.3,68.6,20.2,5820.526,144723.0,1278.6,221.04,263.44,1846.752,2210.694,93312.0,21419.0,3266.0,24268.0,2458.0
2024-09-25,25.8,29.0,24.1,2.4,4.5,8.6,2.7,22.5,11.06,4289.038,131406.0,850.6,286.2,223.04,1291.968,1637.23,84643.0,16838.0,3840.0,24235.0,1850.0
2024-09-26,26.0,29.7,21.9,1.4,3.1,5.9,7.6,63.3,16.89,9031.0,24470.0,1994.0,354.0,356.0,2387.0,3940.0,5616.0,15607.0,268.0,1491.0,1488.0
2024-09-27,26.0,29.8,23.2,1.6,3.3,6.3,9.0,75.0,18.14,10900.918,101141.0,2406.0,375.408,375.68,2344.736,5399.094,11981.0,76140.0,558.0,3481.0,8981.0
2024-09-28,26.0,29.1,23.0,3.2,5.6,11.7,10.0,84.0,19.4,8379.0,202286.0,1877.0,358.0,380.0,2282.0,3481.0,132278.0,41203.0,3931.0,21703.0,3171.0
2024-09-29,25.2,28.0,23.6,4.0,7.0,12.5,7.9,66.4,15.9,6527.507,437933.0,928.0,326.376,359.84,1850.72,3062.571,322042.0,76848.0,9560.0,27420.0,2063.0
2024-09-30,25.8,29.6,23.1,2.3,4.5,8.9,9.6,80.7,19.31,7167.024,83281.0,1402.8,385.128,377.56,2352.608,2648.928,63360.0,7180.0,3380.0,9328.0,34.0
2024-10-01,25.8,30.0,23.0,1.6,3.5,6.1,5.4,45.8,14.65,4717.0,174364.0,919.0,236.0,269.0,1342.0,1951.0,67306.0,77047.0,2578.0,19088.0,8345.0
2024-10-02,21.5,25.3,19.1,1.6,3.5,7.8,3.4,28.8,13.77,8003.0,395876.0,1677.0,264.0,300.0,1757.0,4005.0,179971.0,153266.0,5786.0,37684.0,19169.0
2024-10-03,21.1,24.9,18.8,1.4,2.7,4.7,1.1,9.3,9.28,1891.0,261005.0,444.0,8.0,41.0,315.0,1083.0,63101.0,149760.0,3197.0,32450.0,12497.0
2024-10-04,21.6,25.2,17.8,2.6,5.9,11.2,10.6,90.6,20.91,8326.0,121231.0,1636.0,390.0,404.0,1982.0,3913.0,43661.0,40664.0,2306.0,23845.0,10754.0
2024-10-05,22.9,26.5,19.7,3.0,5.3,9.7,10.0,85.5,19.94,8005.0,148398.0,1812.0,305.0,332.0,1796.0,3760.0,83635.0,24687.0,3285.0,28318.0,8472.0
2024-10-06,22.5,27.4,18.8,2.0,4.7,8.6,1.2,10.3,10.14,4137.0,97580.0,892.0,121.0,182.0,868.0,2073.0,32227.0,39122.0,1723.0,15271.0,9237.0
2024-10-07,20.2,21.8,18.7,1.0,2.3,4.3,0.0,0.0,2.44,3100.0,194055.0,663.0,56.0,123.0,759.0,1500.0,57139.0,99599.0,2616.0,22892.0,11809.0
2024-10-08,21.7,26.7,18.2,1.7,3.1,5.9,9.4,81.0,18.65,10307.0,193248.0,2240.0,371.0,399.0,1734.0,5563.0,58550.0,101105.0,2490.0,21869.0,9234.0
2024-10-09,19.4,23.7,17.1,2.0,4.2,8.1,0.3,2.6,5.93,1957.0,126745.0,449.0,12.0,46.0,485.0,965.0,45533.0,51139.0,3449.0,24193.0,2431.0
2024-10-10,21.6,25.0,19.5,2.5,4.8,10.0,3.5,30.2,13.47,6467.0,93946.0,1412.0,239.0,274.0,1360.0,3181.0,45677.0,29789.0,2708.0,10792.0,4980.0
2024-10-11,21.6,26.7,17.9,1.7,3.1,5.6,8.9,77.4,17.99,9523.0,20156.0,1986.0,353.0,334.0,1787.0,5064.0,490.0,15445.0,155.0,953.0,3114.0
2024-10-12,21.6,26.8,17.0,2.1,4.0,7.7,9.6,83.5,17.54,8608.0,19908.0,2085.0,284.0,297.0,2047.0,3896.0,11088.0,4981.0,323.0,1008.0,2508.0
2024-10-13,22.7,26.3,19.3,2.7,5.2,10.5,8.5,74.6,17.26,8641.0,108358.0,2042.0,311.0,329.0,2169.0,3789.0,60422.0,15281.0,2977.0,26400.0,3277.0
2024-10-14,23.7,26.8,20.8,1.4,2.6,4.6,1.0,8.8,6.49,2149.0,37944.0,416.0,82.0,115.0,678.0,858.0,23040.0,8457.0,307.0,1656.0,4484.0
2024-10-15,25.4,29.6,22.7,1.3,4.4,8.5,6.0,52.6,14.81,3906.0,77039.0,664.0,121.0,176.0,896.0,2050.0,13968.0,51055.0,715.0,8752.0,2549.0
2024-10-16,23.9,28.1,21.1,2.0,4.6,8.2,5.4,47.8,13.85,6502.0,106242.0,1374.0,236.0,276.0,1551.0,3065.0,18518.0,62340.0,1552.0,14983.0,8848.0
2024-10-17,23.7,25.7,22.7,3.3,5.1,9.2,1.4,12.4,7.43,2128.0,231297.0,426.0,42.0,107.0,736.0,817.0,140083.0,26597.0,7422.0,53262.0,3934.0
2024-10-18,25.3,27.7,23.7,2.5,4.9,9.6,1.3,11.5,6.72,3917.0,213787.0,716.0,140.0,180.0,1602.0,1279.0,84557.0,91911.0,2165.0,25258.0,9897.0
2024-10-19,23.9,28.0,18.3,2.6,5.8,11.6,7.3,64.6,14.73,3463.0,459452.0,545.0,96.0,147.0,298.0,2377.0,276854.0,108531.0,6727.0,49470.0,17870.0
2024-10-20,18.1,19.3,16.4,4.1,5.8,12.4,0.0,0.0,4.08,2179.0,737629.0,298.0,89.0,147.0,866.0,780.0,503510.0,152870.0,190.0,65743.0,15315.0
2024-10-21,21.8,25.3,19.3,3.2,5.8,9.7,1.0,8.9,8.27,1708.0,200960.0,281.0,54.0,59.0,649.0,665.0,114739.0,17070.0,7239.0,59252.0,2660.0
2024-10-22,24.2,28.3,20.2,2.3,4.9,11.7,7.0,63.1,14.91,3728.0,252734.0,683.0,182.0,208.0,730.0,1924.0,108029.0,86437.0,5464.0,41977.0,10827.0
2024-10-23,18.8,22.5,15.9,2.4,5.9,12.9,9.0,81.1,17.68,7160.0,636077.0,1608.0,198.0,230.0,1166.0,3959.0,383789.0,154669.0,7782.0,70187.0,19650.0
2024-10-24,18.8,24.2,14.2,2.0,4.5,10.1,10.1,91.0,17.91,12330.0,236196.0,2707.0,442.0,429.0,2584.0,6168.0,56822.0,129234.0,2678.0,30943.0,16518.0
2024-10-25,21.8,24.8,18.8,4.4,7.7,14.2,8.8,79.3,16.7,6889.0,402507.0,1308.0,208.0,237.0,1977.0,3160.0,247594.0,68774.0,10713.0,71701.0,3725.0
2024-10-26,21.7,23.2,20.8,3.0,4.4,9.0,0.0,0.0,5.39,888.0,263658.0,124.0,42.0,81.0,352.0,289.0,167184.0,11739.0,9224.0,73093.0,2418.0
2024-10-27,19.5,21.4,17.7,2.0,3.8,7.1,0.0,0.0,2.41,994.0,135827.0,224.0,8.0,53.0,287.0,422.0,48470.0,47431.0,2478.0,29834.0,7613.0
2024-10-28,18.7,22.8,16.5,1.5,2.5,5.3,1.9,17.3,8.97,3676.0,140770.0,685.0,119.0,178.0,315.0,2378.0,51350.0,62016.0,2356.0,17575.0,7472.0
2024-10-29,19.9,24.0,16.8,3.2,5.9,11.0,7.0,64.2,14.92,4868.0,250852.0,792.0,176.0,183.0,1778.0,1939.0,143942.0,31308.0,6625.0,62664.0,6313.0
2024-10-30,19.6,23.7,16.6,2.5,5.1,10.1,6.1,56.0,12.86,7809.0,143159.0,1781.0,289.0,275.0,1764.0,3700.0,45936.0,56537.0,2254.0,26227.0,12205.0
2024-10-31,20.6,23.3,18.6,3.4,5.7,10.8,0.9,8.3,7.12,3687.0,193191.0,819.0,92.0,149.0,982.0,1645.0,105869.0,19642.0,7192.0,57835.0,2654.0
2024-11-01,19.1,20.1,18.3,5.2,8.9,16.0,0.0,0.0,0.63,118.0,464365.0,32.0,,0.0,46.0,40.0,238349.0,124498.0,8914.0,78656.0,13948.0
2024-11-02,20.7,24.8,18.7,2.8,8.4,17.6,2.3,21.3,8.43,2739.0,288602.0,637.0,55.0,112.0,535.0,1400.0,128275.0,101248.0,4845.0,44087.0,10147.0
2024-11-03,19.3,23.6,15.1,2.4,4.3,8.3,9.3,86.1,14.77,8317.0,83781.0,1802.0,335.0,302.0,2045.0,3833.0,40608.0,10852.0,2352.0,27833.0,2136.0
2024-11-04,18.4,24.8,15.0,1.7,3.9,7.6,7.1,65.7,11.77,7128.0,172445.0,1516.0,258.0,257.0,1370.0,3728.0,92592.0,47874.0,2986.0,21360.0,7633.0
2024-11-05,16.8,21.8,12.9,1.4,2.9,6.1,6.7,62.6,14.07,8111.0,682706.0,1820.0,226.0,254.0,1147.0,4664.0,379210.0,184658.0,10736.0,86737.0,21365.0
2024-11-06,14.6,19.4,11.5,1.7,4.0,8.8,9.7,90.7,15.87,10235.0,526132.0,2367.0,373.0,350.0,1692.0,5453.0,285638.0,151340.0,8446.0,60374.0,20334.0
2024-11-07,15.8,21.5,10.6,2.0,3.5,8.0,8.8,82.2,14.98,9760.0,70263.0,2170.0,349.0,330.0,2015.0,4897.0,979.0,62567.0,205.0,1465.0,5047.0
2024-11-08,18.2,21.6,16.0,2.8,5.0,9.3,7.5,70.8,12.28,7214.0,100070.0,1187.0,275.0,272.0,1735.0,3745.0,45619.0,30210.0,2370.0,18319.0,3552.0
2024-11-09,18.9,20.8,16.8,3.0,4.7,9.4,2.6,24.5,8.68,3902.0,136862.0,690.0,174.0,215.0,1128.0,1695.0,71654.0,17536.0,3429.0,38358.0,5885.0
2024-11-10,18.4,20.0,17.5,2.9,5.3,10.0,0.0,0.0,3.24,1079.0,49847.0,210.0,10.0,47.0,290.0,522.0,21859.0,4759.0,1527.0,19241.0,2461.0
2024-11-11,18.3,23.7,15.1,1.6,3.5,6.9,9.6,90.6,14.81,10341.0,46211.0,2219.0,361.0,362.0,2171.0,5228.0,374.0,34357.0,296.0,3775.0,7409.0
2024-11-12,18.1,23.4,14.2,1.6,2.9,4.9,9.6,91.4,14.29,9188.0,220994.0,2062.0,314.0,330.0,1736.0,4746.0,46138.0,135140.0,1607.0,28398.0,9712.0
2024-11-13,18.7,23.8,14.3,2.3,4.0,8.3,9.2,87.6,14.7,6336.0,126078.0,1506.0,177.0,201.0,2013.0,2438.0,52733.0,31301.0,3313.0,35107.0,3623.0
2024-11-14,19.4,23.3,16.6,2.0,3.7,8.0,5.0,47.6,11.09,6887.0,57802.0,1529.0,248.0,238.0,1869.0,3003.0,29808.0,1162.0,2408.0,24186.0,238.0
2024-11-15,18.9,20.6,17.7,2.0,4.4,7.3,0.0,0.0,3.22,991.0,64458.0,140.0,,22.0,668.0,161.0,30067.0,2703.0,2398.0,29141.0,149.0
2024-11-16,20.5,23.8,18.4,1.7,3.8,6.9,3.3,31.7,7.87,3557.0,75132.0,607.0,124.0,157.0,1361.0,1307.0,34502.0,8941.0,2793.0,27683.0,1212.0
2024-11-17,18.6,22.7,15.0,1.6,3.3,6.9,5.0,48.1,10.77,8949.0,641919.0,1785.0,326.0,325.0,1819.0,4694.0,382234.0,174152.0,10247.0,53530.0,21757.0
2024-11-18,13.1,17.3,9.8,2.1,3.9,7.9,9.5,91.3,14.18,10510.0,381805.0,2121.0,403.0,390.0,2048.0,5547.0,218678.0,100280.0,7434.0,41062.0,14351.0
2024-11-19,14.3,18.0,9.1,2.3,5.4,10.6,4.4,42.3,10.63,3229.0,113356.0,716.0,8.0,39.0,999.0,1467.0,47146.0,30417.0,3679.0,23234.0,8880.0
2024-11-20,13.9,15.6,11.7,1.1,2.5,4.0,0.0,0.0,2.49,1166.0,201211.0,285.0,4.0,32.0,345.0,500.0,29779.0,142629.0,1447.0,15720.0,11636.0
2024-11-21,14.1,19.5,10.8,1.6,3.1,7.4,7.1,68.9,11.17,8987.0,194827.0,1815.0,296.0,302.0,1814.0,4759.0,90432.0,68082.0,3344.0,26419.0,6550.0
2024-11-22,13.4,19.0,9.7,1.6,3.0,7.5,9.2,89.3,13.29,6527.0,435408.0,1271.0,301.0,289.0,1115.0,3551.0,253670.0,108603.0,8661.0,46196.0,18277.0
2024-11-23,12.6,16.5,9.3,1.8,3.3,6.9,4.8,46.6,7.66,7646.0,262781.0,1520.0,336.0,315.0,374.0,5100.0,72979.0,156840.0,3008.0,20323.0,9631.0
2024-11-24,14.3,18.4,9.5,1.8,4.1,7.5,6.6,64.1,11.55,2408.0,90844.0,448.0,44.0,83.0,386.0,1448.0,18029.0,60441.0,523.0,5327.0,6524.0
2024-11-25,16.5,18.5,14.6,2.5,6.4,14.4,1.6,15.7,6.74,3292.0,360100.0,581.0,90.0,144.0,1004.0,1473.0,232502.0,61471.0,4406.0,44860.0,16862.0
2024-11-26,12.5,17.9,9.1,3.2,9.1,15.2,4.4,43.1,9.39,2677.0,723762.0,509.0,94.0,123.0,460.0,1490.0,488880.0,135914.0,752.0,73144.0,25073.0
2024-11-27,8.4,11.2,5.4,3.0,4.9,13.3,3.2,31.4,7.54,2788.0,655466.0,348.0,34.0,59.0,390.0,1958.0,499277.0,58725.0,3115.0,70333.0,24017.0
2024-11-28,8.5,13.2,6.0,2.6,5.9,12.7,4.5,44.1,8.27,4011.0,575147.0,744.0,79.0,83.0,584.0,2520.0,426125.0,66341.0,1667.0,55555.0,25458.0
2024-11-29,9.4,12.0,6.2,2.3,4.6,11.6,1.3,12.7,3.96,2049.0,732289.0,428.0,51.0,100.0,314.0,1156.0,540634.0,93635.0,359.0,71587.0,26075.0
2024-11-30,12.0,16.4,8.5,2.1,4.1,9.7,9.2,91.1,12.6,9412.0,325423.0,1833.0,349.0,341.0,1893.0,4996.0,208771.0,57613.0,3229.0,46392.0,9418.0
2024-12-01,12.3,18.2,7.9,1.8,3.7,7.3,3.1,30.7,6.13,4870.0,13596.0,793.0,153.0,161.0,1098.0,2665.0,7402.0,3260.0,136.0,958.0,1841.0
2024-12-02,14.6,19.9,10.6,1.7,4.8,9.5,8.9,88.1,11.99,8142.0,119095.0,1760.0,301.0,304.0,1618.0,4158.0,73181.0,21917.0,2494.0,15328.0,6177.0
2024-12-03,12.2,16.6,8.9,1.5,2.9,6.2,5.9,58.4,9.7,7184.0,292980.0,1595.0,234.0,241.0,745.0,4369.0,118829.0,123376.0,4674.0,28081.0,18020.0
2024-12-04,9.9,14.8,6.3,1.8,3.5,6.8,8.8,87.1,12.94,7152.0,218302.0,1308.0,231.0,211.0,1002.0,4400.0,109901.0,65880.0,4295.0,23803.0,14423.0
2024-12-05,10.7,14.5,8.8,1.7,4.4,10.3,6.3,62.4,9.84,4957.0,409492.0,771.0,235.0,178.0,660.0,3112.0,314611.0,31499.0,9879.0,35992.0,17512.0
2024-12-06,10.1,15.2,7.6,1.4,2.9,6.5,3.2,31.7,6.43,3403.0,328002.0,633.0,155.0,144.0,677.0,1794.0,220522.0,54276.0,7555.0,31946.0,13703.0
2024-12-07,8.8,13.6,5.0,1.8,4.3,9.4,7.0,70.0,10.73,7490.0,208162.0,1481.0,363.0,230.0,1439.0,3976.0,141725.0,31677.0,3191.0,19708.0,11862.0
2024-12-08,8.0,13.0,4.7,1.7,4.3,9.7,8.8,88.0,12.73,4187.0,624931.0,759.0,56.0,81.0,163.0,3128.0,395856.0,133406.0,6372.0,65534.0,23762.0
2024-12-09,8.5,13.9,4.8,1.6,3.3,8.3,6.5,65.0,10.55,2506.0,194027.0,525.0,85.0,99.0,352.0,1444.0,126432.0,27516.0,4516.0,26203.0,9360.0
2024-12-10,9.8,14.7,6.2,1.5,2.7,5.6,6.7,67.0,10.95,6415.0,200837.0,1172.0,307.0,200.0,1114.0,3622.0,89136.0,74755.0,2567.0,25432.0,8948.0
2024-12-11,10.5,13.7,7.9,1.2,2.5,5.1,0.7,7.0,4.9,3408.0,375609.0,723.0,164.0,139.0,560.0,1822.0,180461.0,123657.0,6241.0,45922.0,19329.0
2024-12-12,9.4,14.7,6.1,1.8,4.4,7.3,9.3,93.0,12.21,8863.0,402463.0,1737.0,565.0,272.0,1336.0,4952.0,161078.0,161761.0,5900.0,54923.0,18802.0
2024-12-13,7.8,11.8,5.5,2.1,4.5,11.2,2.8,28.0,5.96,3085.0,481414.0,314.0,192.0,83.0,432.0,2065.0,267926.0,115871.0,5688.0,74096.0,17832.0
2024-12-14,6.9,11.4,4.1,2.1,4.4,13.2,6.4,64.0,11.58,4580.0,640981.0,612.0,43.0,40.0,288.0,3596.0,435139.0,98827.0,6812.0,78701.0,21502.0
2024-12-15,8.0,10.8,5.1,2.1,4.4,9.4,1.0,10.0,4.55,1383.0,635697.0,306.0,40.0,43.0,263.0,731.0,485770.0,35528.0,5070.0,83632.0,25698.0
2024-12-16,9.6,12.8,7.9,1.6,3.3,8.7,5.2,52.0,8.57,1758.0,258791.0,402.0,138.0,90.0,365.0,763.0,181872.0,21410.0,3273.0,40566.0,11669.0
2024-12-17,9.4,14.5,6.2,1.4,3.1,6.9,6.9,69.0,9.74,5105.0,151847.0,1182.0,309.0,150.0,733.0,2732.0,52301.0,67857.0,2141.0,22572.0,6976.0
2024-12-18,6.5,10.3,3.2,2.2,5.1,12.5,8.1,81.0,12.0,3280.0,615467.0,746.0,67.0,40.0,231.0,2195.0,368150.0,151998.0,5558.0,64661.0,25101.0
2024-12-19,6.4,11.6,2.7,1.7,4.1,9.7,8.9,89.0,12.78,9337.0,274522.0,1803.0,575.0,300.0,1814.0,4844.0,143366.0,90359.0,1332.0,26966.0,12499.0
2024-12-20,7.9,12.0,4.8,1.5,3.7,8.6,0.8,8.0,4.6,2132.0,51582.0,499.0,122.0,83.0,473.0,955.0,16906.0,29845.0,424.0,3462.0,945.0
2024-12-21,7.1,10.0,4.6,2.5,4.1,11.1,1.8,18.0,5.89,1184.0,679529.0,202.0,42.0,40.0,220.0,681.0,470621.0,100683.0,2843.0,78523.0,26858.0
2024-12-22,6.6,10.6,3.3,1.9,3.9,9.4,9.0,90.0,12.88,5505.0,683339.0,1183.0,215.0,112.0,171.0,3823.0,405072.0,165972.0,7099.0,80905.0,24292.0
2024-12-23,7.1,13.1,3.7,1.6,3.9,7.0,7.7,77.0,11.62,5883.0,308050.0,1254.0,471.0,198.0,527.0,3434.0,196992.0,54361.0,6747.0,42545.0,7404.0
2024-12-24,9.0,13.5,4.2,1.6,3.2,7.0,8.9,89.0,12.29,8047.0,327266.0,1704.0,627.0,252.0,1150.0,4314.0,167962.0,101259.0,5383.0,45930.0,6732.0
2024-12-25,9.3,13.7,5.2,1.5,4.1,8.5,5.2,52.0,8.6,5974.0,62683.0,1272.0,482.0,197.0,1172.0,2851.0,18374.0,38629.0,580.0,4432.0,668.0
2024-12-26,9.9,14.6,6.3,2.5,5.4,12.6,8.8,88.0,12.09,6825.0,660314.0,1580.0,537.0,229.0,1077.0,3402.0,449856.0,101569.0,9888.0,75488.0,23512.0
2024-12-27,7.1,12.1,5.2,2.7,5.7,10.7,9.1,91.0,12.38,2724.0,752391.0,613.0,102.0,78.0,477.0,1454.0,503971.0,129393.0,8058.0,84659.0,26310.0
2024-12-28,5.1,7.3,2.7,2.7,4.5,13.7,4.0,40.0,7.43,2995.0,667775.0,568.0,107.0,2.0,560.0,1758.0,527213.0,95170.0,494.0,28988.0,15910.0
2024-12-29,7.3,12.2,3.5,1.7,4.2,8.7,7.4,74.0,11.96,5109.0,155927.0,1220.0,298.0,149.0,1027.0,2415.0,119549.0,16985.0,3927.0,11500.0,3967.0
2024-12-30,10.6,14.6,6.7,2.0,4.8,9.1,5.0,50.0,10.26,7182.0,97966.0,1370.0,497.0,196.0,1482.0,3637.0,49622.0,35722.0,1262.0,3602.0,7757.0
2024-12-31,8.8,13.7,5.3,2.4,5.8,10.4,8.9,89.0,12.7,9264.0,572830.0,1845.0,707.0,306.0,1462.0,4944.0,364752.0,137824.0,10985.0,35270.0,23998.0
2025-01-01,8.8,13.2,4.5,1.6,2.7,5.5,6.5,65.0,11.56,6738.0,175773.0,1087.0,595.44,259.2,1687.0,3109.0,34099.0,122140.8,1509.48,12019.0,6004.26
2025-01-02,9.1,14.7,5.8,1.5,2.7,5.7,7.1,71.0,11.16,7398.0,195692.0,1153.0,520.704,226.96,1091.0,4407.0,85478.0,71706.0,3688.02,24961.0,9858.6
2025-01-03,6.5,11.5,3.5,2.0,4.6,9.0,9.1,91.0,12.86,7315.0,407578.0,1454.0,533.448,0.0,1076.0,4251.0,241171.0,89296.0,7369.0,49477.0,20264.04
2025-01-04,6.6,12.0,2.5,1.7,4.0,7.5,8.4,84.0,12.24,7193.0,111258.0,1525.0,493.272,0.0,1388.0,3786.0,64656.0,26338.0,2277.0,15160.0,2827.26
2025-01-05,9.1,12.2,5.6,1.3,3.3,6.8,0.0,0.0,3.02,1401.0,30505.0,314.0,69.264,0.0,374.0,644.0,21254.0,4518.72,355.86,2353.0,2023.02
2025-01-06,7.9,11.2,4.5,1.9,4.5,13.0,5.4,53.5,9.1,2542.0,582737.0,405.0,180.792,0.0,550.0,1407.0,411379.0,98614.0,3479.4,48521.0,20743.92
2025-01-07,5.8,8.5,3.0,2.2,4.8,12.4,5.5,54.5,9.88,4312.0,735936.0,1007.0,241.056,112.44,849.0,2102.0,572314.0,66300.0,838.62,70112.0,26370.72
2025-01-08,6.7,10.0,5.2,1.7,4.0,9.3,3.1,30.7,6.29,1956.0,434748.0,382.0,27.144,25.6,158.0,1364.0,308362.0,55641.6,7953.66,45770.4,17020.98
2025-01-09,1.9,8.6,-1.4,2.6,4.8,14.5,5.8,57.4,10.25,3145.0,821260.0,134.0,167.976,54.32,585.0,2203.0,606557.0,122757.0,276.0,64002.0,27667.62
2025-01-10,3.1,8.1,-0.5,1.6,3.2,9.6,5.9,58.4,11.9,5126.0,648202.0,426.0,286.272,134.88,247.0,4032.0,390902.0,160250.0,6051.0,66074.0,24923.0
2025-01-11,4.4,7.8,1.9,1.8,4.4,9.9,4.0,39.6,9.2,2517.0,385421.0,70.6,124.056,75.92,394.0,1853.0,284486.0,29307.0,8805.0,46397.0,16426.0
2025-01-12,5.2,9.4,2.2,1.9,4.1,9.3,7.6,75.2,10.59,5734.0,299360.0,980.0,605.808,270.68,688.0,3190.0,209174.0,48792.0,6763.0,20168.0,14462.0
2025-01-13,6.6,10.8,3.1,1.8,3.9,8.6,7.7,75.5,11.34,9172.0,100948.0,1912.0,506.88,233.6,1606.0,4914.0,70243.0,16100.64,2716.2,7821.6,4066.02
2025-01-14,10.5,15.1,5.6,1.8,4.9,9.0,8.3,81.4,11.29,6953.0,103823.0,1466.0,481.968,218.92,1414.0,3372.0,70560.0,21734.0,1666.08,5307.6,4556.0
2025-01-15,5.8,10.8,3.0,2.1,4.6,11.0,5.4,52.9,11.41,1846.0,720102.0,402.0,113.616,78.8,314.0,937.0,486202.0,157690.0,8501.0,39256.0,28454.0
2025-01-16,5.9,10.3,2.5,1.8,4.1,10.9,7.5,73.5,13.48,3903.0,428805.0,784.8,170.64,108.4,530.0,2309.0,305510.0,59524.0,10140.3,37358.0,16272.0
2025-01-17,6.8,11.9,3.2,1.5,3.2,7.0,7.8,76.5,12.66,6410.0,231766.0,1391.6,458.784,236.24,1094.24,3230.0,113299.0,85783.68,3732.48,19686.0,9264.24
2025-01-18,8.1,13.1,4.7,1.5,3.3,5.4,3.2,31.1,8.58,6468.0,20269.0,977.0,572.04,253.96,1664.0,3000.0,8928.0,9197.0,424.8,713.0,1006.2
2025-01-19,8.4,13.5,5.5,2.2,6.1,11.4,9.3,90.3,14.07,7426.0,44989.0,1632.0,526.176,227.0,1913.0,3128.0,18922.0,22631.0,499.0,2362.0,576.0
2025-01-20,8.5,15.1,5.0,1.5,4.4,10.4,8.8,85.4,12.71,8008.0,235771.0,1702.0,492.048,229.04,1412.864,4171.898,142243.0,49516.0,4434.0,30874.0,8704.0
2025-01-21,8.4,14.4,4.4,1.9,3.8,6.4,9.4,91.3,13.55,10479.0,209283.0,2260.6,717.768,299.2,1937.888,5263.14,78998.0,97078.0,2970.0,25852.0,4385.0
2025-01-22,9.3,14.9,5.3,1.7,2.6,4.2,4.7,45.2,9.16,6216.0,21228.0,1253.8,473.976,290.88,1305.28,2892.0,3658.0,13339.0,224.0,1524.0,2484.0
2025-01-23,10.5,15.9,6.8,1.5,2.5,4.3,8.1,77.9,13.27,9756.0,10142.0,1971.2,811.44,305.12,1897.0,4771.0,259.0,5383.0,111.0,2.0,4387.0
2025-01-24,10.9,16.0,6.8,2.6,5.2,9.5,6.1,58.7,11.52,5685.0,88746.0,1202.0,468.144,173.76,1164.0,2677.0,18518.0,53698.0,1031.0,5831.0,9668.0
2025-01-25,9.7,13.2,8.0,3.1,5.8,13.0,7.9,76.0,13.25,4929.0,441752.0,931.8,514.368,162.48,1137.0,2183.0,277258.0,78152.0,8648.0,64252.0,13442.0
2025-01-26,8.2,11.1,6.3,2.5,5.0,9.1,0.5,4.8,6.51,1829.0,216502.0,360.0,129.384,75.56,540.0,725.0,137750.0,30362.0,1058.4,41966.0,5365.0
2025-01-27,4.7,12.1,0.5,2.6,5.0,13.9,5.9,56.2,11.75,2405.0,616141.0,104.0,188.568,68.68,296.0,1747.0,444384.0,81708.0,18.72,66547.0,23483.0
2025-01-28,2.2,4.6,0.3,3.1,5.0,12.6,1.5,14.3,6.87,4088.0,732600.0,545.0,308.88,94.72,651.0,2488.0,589795.0,38268.0,23.0,87349.0,17165.0
2025-01-29,3.3,6.5,0.9,2.4,4.8,11.4,7.0,66.7,12.49,4389.0,623132.0,927.4,330.912,124.0,778.0,2229.0,494870.0,52358.0,3519.0,72384.0,0.0
2025-01-30,4.7,9.9,0.0,1.7,3.4,5.8,9.8,92.5,15.63,10103.0,16355.0,2107.0,1034.928,277.28,2271.0,4413.0,6826.0,8506.0,301.0,722.0,0.0
2025-01-31,9.5,12.7,4.3,1.6,3.1,5.8,0.6,5.7,4.92,3988.0,149418.0,501.6,620.208,198.0,1253.0,1415.0,118426.0,6817.0,1915.0,13196.0,9064.0
2025-02-01,9.0,10.3,7.7,4.1,7.3,14.7,0.0,0.0,2.5,471.0,453632.0,104.0,19.008,0.0,108.0,240.0,290419.0,101206.0,2173.0,51011.0,8823.0
2025-02-02,9.5,14.2,6.9,1.5,2.9,6.7,5.5,51.9,12.27,8210.0,206740.0,1830.6,782.208,0.0,1480.64,4116.0,98208.0,78808.0,67.0,29657.0,0.0
2025-02-03,5.7,9.9,1.9,2.3,5.4,12.7,7.0,65.4,13.24,4827.0,794795.0,1130.0,385.272,131.48,676.0,2504.0,597946.0,113743.0,35.0,79134.0,3938.0
2025-02-04,1.2,4.4,-0.9,2.4,4.8,15.2,6.9,64.5,14.13,3182.0,737575.0,495.0,479.952,119.48,447.0,1640.0,612835.0,54366.0,36.0,65564.0,4773.0
2025-02-05,2.2,6.3,-1.3,2.4,4.1,12.5,4.3,40.2,10.83,4185.0,736585.0,808.4,292.896,95.48,681.76,2306.0,573581.0,90469.0,877.0,69346.0,2313.0
2025-02-06,2.3,6.5,-1.5,1.3,3.4,7.7,6.0,56.1,13.4,3362.0,326945.0,78.8,239.688,96.4,712.928,2234.0,244714.0,22084.0,7538.0,40890.0,11720.0
2025-02-07,1.7,6.1,-2.4,2.3,5.1,12.0,4.0,37.0,9.53,1244.0,593911.0,4.0,207.576,5.96,470.0,556.0,489830.0,62231.0,2899.0,22336.0,16615.0
2025-02-08,0.4,3.8,-2.2,1.6,3.8,11.7,2.9,26.9,9.22,2696.0,717122.0,8.8,203.904,0.0,419.968,2063.172,482602.0,149475.0,4444.0,63323.0,17279.0
2025-02-09,2.7,6.9,-0.8,1.9,4.1,9.3,6.2,57.4,14.52,2343.0,382112.0,367.0,240.984,0.0,426.0,1308.0,263635.0,33614.0,9066.0,55226.0,20570.0
2025-02-10,4.6,9.7,0.6,1.7,3.4,7.9,9.7,89.0,16.24,5400.0,230203.0,1167.0,330.696,0.0,1125.0,2777.0,118022.4,68109.0,4098.42,28522.8,11450.0
2025-02-11,7.0,11.2,1.1,1.8,3.1,7.2,9.6,88.1,16.79,12039.0,102967.0,2673.0,960.552,330.4,2468.0,5607.0,62208.0,23784.0,1366.02,10219.0,5389.0
2025-02-12,10.4,15.2,6.0,3.4,6.2,15.1,3.5,32.1,9.87,2288.0,505075.0,632.0,26.568,2.4,304.0,1323.0,370685.0,89006.0,4763.0,23506.0,17116.0
2025-02-13,5.3,9.7,1.7,2.1,5.9,11.3,10.0,90.9,18.09,12432.0,505558.0,2891.0,1023.912,422.36,2374.72,5720.18,303235.0,126392.0,4316.76,58344.0,13270.0
2025-02-14,7.6,12.3,3.2,1.6,3.2,6.0,5.8,52.7,13.14,8836.0,52202.0,1870.0,856.152,315.8,1907.712,3886.0,6106.0,35791.0,907.92,7994.0,1403.0
2025-02-15,8.4,10.2,7.3,0.9,1.8,4.0,0.0,0.0,1.96,1125.0,218.0,237.0,58.896,35.96,374.0,420.0,144.0,58.0,14.0,0.0,3.0
2025-02-16,9.8,16.9,5.6,2.1,4.4,9.2,8.8,80.0,17.02,11114.0,219263.0,2573.4,845.712,346.24,2227.104,5121.405,140688.0,49743.0,5388.0,19387.0,4056.0
2025-02-17,6.4,10.0,3.8,2.3,6.5,11.2,8.7,78.4,17.71,9903.0,779175.0,2253.2,898.992,352.56,1777.0,4621.0,537437.0,145555.0,6415.0,70824.0,18944.0
2025-02-18,5.6,10.9,2.5,2.6,6.5,11.9,9.9,89.2,18.39,9548.0,748783.0,2515.4,688.176,312.56,1644.544,4387.0,516154.0,129482.0,9005.0,75530.0,18612.0
2025-02-19,4.7,9.5,2.0,2.1,4.5,10.4,9.3,83.8,18.24,8673.0,685826.0,1973.6,696.96,319.28,1723.2,3960.011,480643.0,104456.0,5876.28,77686.0,17164.0
2025-02-20,5.1,9.6,1.6,2.0,4.6,9.2,9.3,83.0,17.12,10015.0,548170.0,2389.2,771.192,335.12,1613.568,4905.908,299232.0,156149.0,9189.0,68932.0,14669.0
2025-02-21,5.7,10.3,3.1,1.5,3.9,7.1,9.3,83.0,18.27,10647.0,521383.0,2654.2,820.656,357.64,1668.064,5146.0,283190.0,155615.0,8940.0,58683.0,14954.0
2025-02-22,4.3,8.8,0.8,1.9,4.5,11.5,8.5,75.2,16.04,4869.0,455122.0,722.0,400.536,191.84,972.0,2582.0,240883.0,141892.0,7570.0,54266.0,10511.0
2025-02-23,3.0,6.4,-0.2,2.1,4.4,11.1,7.3,64.6,15.51,3983.0,760860.0,961.0,297.864,162.28,819.0,1744.0,519408.0,137390.0,4280.0,82217.0,17564.0
2025-02-24,4.7,10.3,-0.3,1.9,5.3,10.8,9.9,87.6,20.04,8497.0,707274.0,2262.0,458.064,221.04,1070.0,4486.0,462010.0,157732.0,6375.0,80205.0,952.0
2025-02-25,6.3,10.9,2.3,2.2,5.5,11.3,4.2,37.2,11.95,6632.688,121161.0,1570.6,700.344,264.2,1659.776,2437.768,68400.0,33486.0,2290.0,16486.0,499.0
2025-02-26,9.5,14.7,5.2,1.6,4.0,8.7,10.4,91.2,18.82,11342.138,209265.0,2725.0,933.984,357.6,2209.216,5116.338,138643.0,32777.0,5030.0,29488.0,3327.0
2025-02-27,9.1,12.0,5.1,1.9,3.6,6.5,1.3,11.4,5.35,3332.0,78697.0,696.4,308.808,117.92,827.424,1381.0,60883.0,9164.0,844.0,4940.0,2866.0
2025-02-28,13.3,17.6,10.3,1.7,4.1,6.5,6.8,59.1,16.91,4015.0,20264.0,972.6,471.24,201.52,786.0,1583.0,15523.0,766.0,268.0,2323.0,1383.0
2025-03-01,14.8,16.7,11.5,1.4,3.2,8.9,0.0,0.0,1.68,3160.0,121392.0,841.0,328.32,147.72,1171.0,673.0,68342.0,34775.0,1744.0,8623.0,7908.0
2025-03-02,16.7,18.2,15.7,1.8,3.6,7.9,0.2,1.7,2.8,3362.0,71975.0,1112.6,240.84,110.24,759.072,1140.0,39024.0,16086.0,1409.0,6224.0,9232.0
2025-03-03,9.7,16.9,7.5,5.5,8.2,16.7,0.0,0.0,3.06,513.859,684448.0,138.2,18.864,8.16,173.632,175.003,512640.0,137578.0,2949.0,22446.0,8835.0
2025-03-04,8.1,10.5,7.3,5.2,8.1,16.2,1.1,9.5,6.11,1072.0,542897.0,284.6,76.104,3.32,254.208,453.0,415843.0,110016.0,2869.0,5943.0,8226.0
2025-03-05,8.7,11.3,7.7,1.9,3.7,7.3,0.2,1.7,4.98,2120.0,71616.0,333.0,344.952,141.64,316.0,984.0,27072.0,33346.0,1754.0,3602.0,5842.0
2025-03-06,8.9,13.6,5.0,1.8,4.8,8.2,8.3,70.9,19.4,10318.0,331955.0,1930.0,956.52,399.56,2016.0,5017.0,164477.0,132879.0,6289.0,18838.0,9473.0
2025-03-07,8.8,13.4,3.5,1.9,3.7,8.5,6.6,56.4,16.76,8345.0,94152.0,1831.0,758.808,298.56,2423.0,3034.0,41616.0,46090.0,1398.0,3812.0,1236.0
2025-03-08,9.4,12.7,7.5,1.5,2.5,5.4,0.8,6.8,7.15,2816.0,11228.0,628.0,230.904,117.12,744.0,1096.0,7805.0,334.0,210.0,1124.0,1754.0
2025-03-09,10.2,16.2,5.9,1.8,3.2,6.7,10.0,84.7,20.06,12831.0,41619.0,2755.0,1153.728,421.12,2557.0,5944.0,2188.8,36079.0,343.44,571.0,2437.0
2025-03-10,10.7,12.6,8.3,2.2,3.7,7.4,0.0,0.0,4.4,3284.0,39894.0,699.0,266.688,135.76,739.0,1444.0,36806.0,157.0,849.0,1973.0,109.0
2025-03-11,12.3,15.5,10.3,1.7,3.8,6.8,0.3,2.5,7.43,8238.0,27035.0,1439.6,808.488,303.16,1918.0,3769.0,19786.0,4808.0,659.0,1525.0,257.0
2025-03-12,12.5,14.8,9.2,0.9,2.1,2.9,0.6,5.0,5.25,3273.0,33275.0,596.6,222.912,115.92,590.656,1747.147,6048.0,24202.0,311.0,1296.0,1418.0
2025-03-13,13.3,17.5,11.5,3.2,6.2,11.2,1.7,14.3,10.2,5582.0,154549.0,1206.0,479.88,202.2,1186.0,2508.0,39225.6,95604.0,2098.8,8765.0,8855.0
2025-03-14,14.4,18.1,11.4,4.6,7.6,14.9,3.8,31.9,15.28,9118.0,308558.0,2142.0,724.68,289.76,1774.0,4187.0,208483.0,70759.0,7307.0,14621.0,7388.0
2025-03-15,9.6,11.4,8.6,4.7,8.4,15.8,0.0,0.0,4.82,500.0,691031.0,131.0,11.52,6.92,120.0,231.0,502992.0,162308.0,3630.0,15716.0,6385.0
2025-03-16,7.8,13.9,2.6,2.5,5.0,14.1,9.0,75.0,20.31,4734.0,547213.0,767.0,385.272,184.24,391.0,3007.0,411379.0,103186.0,5936.0,17562.0,9149.76
2025-03-17,6.2,10.8,2.9,2.4,6.1,12.8,10.7,89.2,23.21,12933.546,452278.0,3003.6,1001.232,512.72,1847.552,6568.442,374285.0,56663.0,5586.0,10121.0,5623.74
2025-03-18,5.5,7.9,3.5,2.6,4.6,14.1,8.5,70.2,19.9,7028.0,707620.0,1295.8,518.544,295.0,1646.0,3272.0,532253.0,135814.0,797.0,28314.0,10443.0
2025-03-19,6.4,10.9,2.3,1.8,4.1,8.6,10.0,82.6,23.74,8883.0,418847.0,1987.0,525.6,303.6,1940.0,4126.0,299981.0,79266.0,4790.0,28704.0,6107.0
2025-03-20,10.3,13.8,3.8,3.1,6.6,12.4,10.6,87.6,22.8,13460.0,268660.0,2998.0,1031.328,471.88,2795.0,6163.0,224986.0,17657.0,5917.0,12468.0,7632.0
2025-03-21,13.3,17.1,8.8,2.9,6.0,11.2,10.4,85.2,22.3,13739.0,303245.0,3047.0,1034.928,484.04,2824.768,6349.0,223114.0,62912.0,4605.0,9098.0,3516.0
2025-03-22,15.9,20.2,12.7,3.4,5.8,10.9,10.9,89.3,23.33,14049.0,290449.0,3124.0,1047.384,490.28,2872.704,6514.204,207475.0,60098.0,4830.0,16102.0,1944.0
2025-03-23,15.7,18.9,13.5,2.4,5.0,10.4,10.3,84.4,22.64,13073.0,154822.0,2860.0,993.6,469.76,2711.0,6039.0,119088.0,21051.0,2844.0,9976.0,1864.0
2025-03-24,16.9,19.2,13.5,3.2,6.1,11.4,10.1,82.1,21.34,12529.0,273818.0,2751.0,950.472,433.04,2595.0,5800.0,201542.0,54896.0,3825.0,8897.0,4659.0
2025-03-25,17.1,22.0,12.9,2.5,4.9,9.2,10.0,81.3,21.22,12150.0,190667.0,2687.0,893.448,406.04,2545.856,5617.0,142762.0,28760.0,3962.0,10644.0,4541.0
2025-03-26,16.7,21.5,11.2,1.3,3.0,5.1,3.4,27.6,16.37,12974.0,109124.0,2963.2,970.776,436.72,2721.344,5882.0,41184.0,50030.0,2348.46,10305.0,5256.0
2025-03-27,16.5,23.2,13.6,2.1,6.2,12.8,0.2,1.6,3.97,3180.0,384461.0,701.6,195.624,89.36,575.0,1618.0,214301.0,132853.0,6211.0,25072.0,6024.0
2025-03-28,11.5,14.0,8.9,2.0,5.6,10.1,4.4,35.5,15.84,7844.0,548391.0,1927.4,529.992,292.28,1847.232,3247.0,379843.0,115011.0,6763.5,38952.0,7820.0
2025-03-29,8.3,12.6,5.0,1.9,3.8,7.7,2.5,20.2,12.83,7348.0,366301.0,1559.0,429.768,235.84,1651.968,3472.0,226800.0,96323.0,6474.0,28473.0,8231.0
2025-03-30,7.3,11.5,3.2,2.3,5.5,12.9,9.6,76.8,21.23,12244.0,237104.0,2667.2,837.936,460.24,2559.68,5719.0,144893.0,61464.0,4359.0,20278.0,6110.0
2025-03-31,9.2,13.7,4.0,1.9,4.7,8.5,8.4,67.2,22.05,12592.0,88960.0,2789.4,912.096,436.92,2614.528,5839.0,25373.0,52694.0,1076.94,8108.0,1708.0
2025-04-01,11.3,16.2,7.0,2.8,6.4,12.7,7.2,57.6,21.76,12166.504,115524.367,2772.6,764.64,423.96,2604.448,5600.856,24393.6,74069.28,1023.3,6857.647,9180.54
2025-04-02,12.6,19.6,6.5,1.8,4.8,7.7,10.7,84.9,24.63,14254.506,152508.039,3122.6,1055.664,506.48,2897.184,6672.578,37584.0,94168.8,1789.02,14429.499,4536.72
2025-04-03,11.7,16.5,8.5,1.7,4.3,8.0,10.0,79.4,23.28,11650.021,244045.12,2897.0,628.992,344.56,1900.192,5879.277,96739.2,114193.44,3195.54,25806.28,4110.66
2025-04-04,11.4,16.0,7.6,1.5,3.9,6.9,7.3,57.9,20.45,7694.68,30684.433,2139.4,645.768,334.84,1600.32,2974.352,15868.8,11973.6,447.3,2359.993,34.74
2025-04-05,12.7,15.6,10.0,2.1,4.8,8.2,2.5,19.7,10.51,5837.821,167764.669,1224.8,358.488,192.16,1466.24,2596.133,62496.0,87763.68,2547.18,14957.809,0.0
2025-04-06,13.0,18.2,7.4,1.5,2.5,4.3,10.8,85.0,25.95,14848.486,110690.363,3273.8,1075.248,527.72,3075.68,6896.038,46166.4,45740.16,2380.14,16403.663,0.0
2025-04-07,14.7,18.3,9.0,2.4,4.5,8.6,10.8,85.0,25.13,13844.366,39222.43,2998.4,1069.92,502.52,2896.0,6377.526,1497.6,37067.04,277.2,380.59,0.0
2025-04-08,16.8,21.1,13.6,2.9,6.6,13.2,10.3,80.5,24.44,13665.907,216249.402,2964.0,1224.936,484.92,2817.728,6174.323,105753.6,91474.56,4613.94,14407.302,0.0
2025-04-09,15.6,19.1,11.4,1.3,2.5,4.2,7.6,59.4,19.11,11293.666,59606.235,2497.4,1018.656,400.92,2341.344,5035.346,27763.2,19221.12,1486.62,11135.295,0.0
2025-04-10,15.3,20.1,12.3,1.5,3.3,7.0,7.0,54.3,20.68,12222.578,172302.774,2793.2,1033.488,408.44,2570.272,5417.178,86400.0,53376.48,4738.86,27787.434,0.0
2025-04-11,15.2,18.9,10.1,1.6,2.7,5.9,10.5,81.4,24.08,13848.383,72879.738,2898.6,1214.28,488.76,2804.128,6442.615,36000.0,23009.76,1672.92,12197.058,0.0
2025-04-12,15.7,19.0,12.5,2.2,6.2,13.3,0.0,0.0,3.64,1772.237,411965.347,348.8,125.64,76.32,461.44,760.037,291830.4,79807.68,4084.2,36243.067,0.0
2025-04-13,10.3,14.1,7.8,3.7,7.3,16.1,9.5,73.1,23.76,11405.666,482134.994,2328.8,729.36,334.92,2338.688,5673.898,412012.8,43881.12,4054.5,22186.574,0.0
2025-04-14,12.2,16.2,8.2,5.0,8.4,19.0,9.2,70.8,25.14,13729.325,578926.561,3181.2,1159.776,516.96,2668.864,6202.525,468748.8,88129.44,3666.6,18381.721,0.0
2025-04-15,11.7,15.6,7.4,3.3,7.6,14.5,10.7,82.3,26.96,15162.684,349208.156,3355.4,1219.752,559.88,3079.552,6948.1,291686.4,40318.56,3850.38,13352.816,0.0
2025-04-16,17.6,21.4,11.1,2.9,5.5,11.3,10.2,78.5,23.87,11383.243,132363.579,2383.8,997.056,399.2,2461.536,5141.651,28051.2,91850.4,1865.88,10596.099,0.0
2025-04-17,18.0,18.5,16.6,2.3,4.3,10.1,0.0,0.0,3.49,11016.478,231854.587,3003.4,1203.264,477.52,2721.568,3610.726,27907.2,171750.24,2518.92,29678.227,0.0
2025-04-18,19.7,23.8,16.9,2.4,4.5,8.8,4.6,35.1,18.04,13096.517,103347.101,2823.2,1144.8,462.88,2677.888,5987.749,10684.8,86159.52,1143.54,5359.241,0.0
2025-04-19,19.1,22.0,17.2,1.6,3.3,6.9,0.4,3.1,7.89,8607.484,480799.262,1368.0,890.064,396.52,2266.24,3686.66,308361.6,125768.16,3621.24,43048.262,0.0
2025-04-20,19.7,22.8,17.1,1.3,3.9,7.2,0.9,6.8,7.67,7013.235,49129.412,1240.2,609.192,265.84,2270.048,2627.955,32227.2,8327.52,78.84,8495.852,0.0
2025-04-21,18.0,20.9,16.0,2.9,4.8,10.1,2.2,16.7,15.59,4699.339,197036.945,695.8,202.176,115.24,2686.72,999.403,170208.0,501.12,2259.0,24059.645,9.18
2025-04-22,17.7,19.2,16.7,2.0,4.5,9.8,1.7,12.9,7.99,5681.179,299536.275,1138.0,429.336,201.28,1489.984,2422.579,163382.4,86097.6,5160.78,40156.275,4739.22
2025-04-23,17.4,20.4,14.4,1.3,3.1,6.6,2.1,15.8,13.73,9571.377,135066.969,1984.0,710.856,334.6,1561.536,4980.385,57686.4,52009.92,3020.22,16006.329,6344.1
2025-04-24,16.9,22.8,11.9,1.6,4.3,6.9,9.3,69.9,25.79,14002.226,170801.368,3023.8,1109.592,484.96,2916.672,6467.202,82713.6,57735.36,3999.06,23785.828,2567.52
2025-04-25,16.4,20.4,12.8,1.9,5.1,8.6,7.2,54.1,21.93,11880.089,317171.935,2609.0,985.464,430.2,2458.496,5396.929,144835.2,116804.16,6457.5,44241.355,4833.72
2025-04-26,15.9,20.3,11.9,1.9,4.4,8.2,11.7,87.3,28.36,15054.776,92755.954,3182.2,1289.088,561.92,3067.68,6953.888,25171.2,55719.36,1148.76,10716.634,0.0
2025-04-27,17.2,22.5,12.4,1.1,2.2,5.4,7.0,52.2,19.09,9995.089,22807.266,2093.8,831.6,368.4,1935.68,4765.609,14198.4,4616.64,540.54,3269.166,182.52
2025-04-28,18.2,23.1,15.1,1.8,6.0,16.7,8.1,60.4,23.81,13547.31,230650.733,2957.0,1160.352,514.44,2653.696,6261.822,144662.4,46617.12,5729.04,30883.133,2759.04
2025-04-29,15.4,19.0,12.0,1.9,5.0,7.9,12.1,89.6,27.99,15396.22,126354.61,3286.8,1299.816,591.8,3158.336,7059.468,44812.8,63678.24,2054.88,15670.81,137.88
2025-04-30,17.1,21.1,11.3,1.3,3.5,5.1,12.2,90.4,27.56,14628.314,139118.523,3176.8,1232.28,549.52,2953.024,6716.69,81648.0,40842.72,1043.1,10007.043,5577.66
2025-05-01,16.8,20.3,14.2,1.7,4.7,10.1,0.7,5.2,2.35,4206.535,378611.258,865.6,346.464,155.44,917.6,1921.431,225792.0,111866.4,4334.76,35718.458,899.64
2025-05-02,17.3,21.4,13.4,1.6,4.6,9.6,12.4,91.9,28.78,15409.543,188922.05,3310.8,1311.624,591.48,3122.432,7073.207,98150.4,60048.0,4509.72,25952.75,261.18
2025-05-03,17.3,21.7,13.4,2.1,6.1,12.4,3.7,27.2,11.21,8651.146,433444.492,2402.0,738.216,331.16,1671.008,3508.762,242640.0,134638.56,7068.42,43927.012,5170.5
2025-05-04,16.2,20.8,11.7,2.2,4.4,8.2,12.5,91.9,29.61,15536.819,90801.966,3315.8,1302.408,597.36,3146.08,7175.171,30326.4,43604.64,1354.14,12887.166,2629.62
2025-05-05,15.2,19.4,12.2,2.4,4.1,8.2,0.7,5.1,5.4,4277.887,94561.793,1004.0,202.968,119.24,731.584,2220.095,76003.2,5271.84,1097.28,9589.913,2599.56
2025-05-06,15.7,20.0,13.5,1.5,3.7,6.6,2.8,20.4,9.39,2674.768,117652.385,627.0,180.144,106.28,651.296,1110.048,56246.4,39715.2,2326.5,17617.925,1746.36
2025-05-07,15.4,19.6,11.5,1.5,3.8,6.0,8.0,58.4,23.46,12660.389,61158.037,2128.6,1119.24,523.2,2861.824,6027.525,23212.8,31357.44,707.94,5337.157,542.7
2025-05-08,17.4,21.3,12.4,1.9,4.0,7.2,8.2,59.9,23.34,12652.802,110825.248,2731.6,1074.24,500.96,2589.664,5756.338,82598.4,12116.16,1550.34,10972.048,3588.3
2025-05-09,17.5,19.4,14.5,3.1,6.3,16.0,0.0,0.0,1.21,2206.373,533847.056,601.6,85.68,67.36,406.048,1045.685,370080.0,106012.8,4603.86,45204.116,7946.28
2025-05-10,15.1,18.7,12.6,3.6,6.4,15.1,7.1,51.4,19.46,8741.427,539596.043,1234.2,649.008,303.84,1644.864,4909.515,369878.4,101216.16,6352.74,56827.043,5321.7
2025-05-11,15.7,18.5,12.5,2.5,5.8,10.6,6.7,48.6,19.61,9607.123,201177.983,2263.2,791.712,365.36,2276.736,3910.115,132220.8,34176.96,5469.84,27057.683,2252.7
2025-05-12,17.2,21.6,13.0,2.2,4.3,7.9,12.6,91.3,28.31,14127.152,23624.597,2905.2,1193.832,530.2,2938.88,6559.04,7545.6,13798.08,275.04,158.897,1846.98
2025-05-13,18.3,23.1,14.5,2.0,4.6,7.6,12.6,91.3,28.61,13931.483,35814.845,3021.2,1147.176,520.52,2805.76,6436.827,13276.8,17500.32,762.12,2551.385,1724.22
2025-05-14,19.7,22.8,15.5,1.2,2.1,5.2,5.8,41.7,15.72,10473.023,256181.046,2293.8,925.992,431.88,2206.88,4614.471,173692.8,44313.12,4914.9,33260.226,0.0
2025-05-15,20.7,22.3,19.3,1.5,3.2,8.4,0.0,0.0,4.65,4710.89,141395.673,1503.4,557.352,253.6,1334.944,1061.594,60652.8,50417.28,2403.0,26914.233,1008.36
2025-05-16,19.7,21.8,17.1,1.9,5.6,12.1,0.0,0.0,1.6,992.4,285096.939,217.2,45.792,47.8,408.256,273.352,147916.8,96755.04,2918.34,29730.759,7776.0
2025-05-17,17.8,22.7,15.6,2.1,5.4,11.2,8.9,64.0,25.81,11868.984,167036.537,2479.6,1018.44,469.24,2752.096,5149.608,123552.0,14784.48,4829.76,22438.937,1431.36
2025-05-18,17.8,22.0,15.5,1.2,3.3,7.8,4.8,34.3,20.08,11018.969,107405.332,2324.2,907.992,419.4,2384.096,4983.281,46224.0,32423.04,2718.0,22704.892,3335.4
2025-05-19,19.9,24.3,14.4,1.8,3.8,6.6,7.2,51.4,23.16,13493.466,87506.925,2958.8,1097.64,514.28,2754.208,6168.538,8035.2,57791.52,1330.56,13918.965,6430.68
2025-05-20,22.1,25.5,19.8,1.5,3.2,7.3,0.9,6.4,9.47,10785.416,133367.869,2402.8,1000.944,470.48,2629.376,4281.816,45705.6,70454.88,725.4,11743.669,4738.32
2025-05-21,21.0,22.8,19.5,1.6,3.5,6.6,0.0,0.0,3.28,1588.912,98051.357,353.2,48.456,49.96,507.424,629.872,60566.4,27168.48,921.06,7258.817,2136.6
2025-05-22,20.5,24.1,18.1,1.3,3.2,5.2,6.3,45.0,21.51,9279.812,81996.303,2221.6,863.352,394.2,2044.576,3756.084,23760.0,46995.84,1087.74,9091.623,1061.1
2025-05-23,17.5,18.5,16.8,3.7,5.9,12.4,0.0,0.0,4.88,1898.212,175207.978,259.4,119.952,85.12,800.256,633.484,121507.2,15384.96,4785.84,33207.958,322.02
2025-05-24,17.1,18.8,15.1,2.0,5.3,10.9,0.0,0.0,5.24,3888.338,286885.419,978.4,192.096,113.2,687.552,1917.09,125913.6,103248.0,6561.9,43516.599,7645.32
2025-05-25,17.5,20.9,14.4,1.4,3.9,6.1,11.6,82.3,27.62,12420.521,109888.543,2710.8,1062.072,498.76,2805.472,5343.417,51638.4,38594.88,1965.78,14159.863,3529.62
2025-05-26,18.8,22.5,15.1,1.7,3.6,6.8,10.9,77.3,26.25,13442.638,22246.755,2914.0,1133.28,525.68,2853.728,6015.95,12931.2,4790.88,763.92,3760.755,0.0
2025-05-27,19.1,23.0,14.6,1.6,3.5,5.5,12.6,89.4,26.94,13478.96,40357.68,2899.8,1083.384,518.8,2759.264,6217.712,6681.6,29242.08,686.16,3710.4,37.44
2025-05-28,19.8,24.1,16.4,1.3,2.7,4.3,6.6,46.8,20.6,11155.841,38993.94,2389.4,952.2,435.12,2347.392,5031.729,3859.2,31111.2,440.82,2743.2,839.52
2025-05-29,20.8,25.8,16.9,1.7,3.6,6.6,12.5,88.0,27.51,13888.776,18963.18,2965.2,1135.44,524.36,2845.024,6418.752,10742.4,6140.16,245.52,270.0,1565.1
2025-05-30,19.6,22.7,16.7,1.3,2.6,4.8,12.4,87.3,26.94,13579.31,27488.16,2911.2,1122.984,518.36,2743.968,6282.798,604.8,25747.2,157.32,0.0,978.84
2025-05-31,19.1,22.1,15.7,1.3,2.8,5.0,6.4,45.1,19.9,10241.576,3364.68,2003.6,862.56,388.88,2173.92,4812.616,3110.4,10.08,189.0,55.2,0.0
2025-06-01,20.5,23.9,16.6,1.2,2.5,5.1,11.4,80.3,28.23,13940.072,9518.94,3009.4,1132.416,540.04,2856.096,6402.12,5760.0,960.48,418.68,2239.2,140.58
2025-06-02,18.2,20.6,16.3,2.8,4.8,9.6,0.0,0.0,4.3,2382.241,204135.782,419.4,108.936,77.56,964.96,811.385,118425.6,29558.88,3234.96,49378.802,3537.54
2025-06-03,21.5,27.3,17.8,1.7,4.2,8.3,10.2,71.8,28.24,14832.329,374571.661,3283.8,1234.08,577.12,2914.336,6822.993,197568.0,103769.28,8226.72,60582.001,4425.66
2025-06-04,21.8,27.3,15.8,2.3,4.9,9.5,11.1,77.6,26.73,13321.224,209418.421,2993.8,1115.496,517.36,2559.296,6135.272,149587.2,28283.04,4855.32,25795.201,897.66
2025-06-05,21.9,26.3,17.3,1.7,3.4,5.5,11.8,82.5,29.93,13935.354,25453.14,2882.0,1132.272,549.76,2934.496,6436.826,5011.2,17470.08,266.4,1539.6,1165.86
2025-06-06,23.3,26.9,20.2,1.6,3.3,5.5,4.3,30.1,18.73,8917.287,26178.66,1898.0,686.232,320.4,1773.504,4239.151,2044.8,17671.68,204.84,1832.4,4424.94
2025-06-07,23.0,26.1,21.1,0.8,1.8,3.1,0.5,3.5,8.2,5962.561,30078.78,1303.8,444.744,205.0,1229.92,2779.097,8150.4,12731.04,236.52,4466.4,4494.42
2025-06-08,21.9,22.9,20.9,1.2,3.0,5.9,0.0,0.0,5.13,3061.756,18342.06,785.6,244.224,130.24,858.176,1043.516,14486.4,1321.92,296.1,1568.4,669.24
2025-06-09,22.6,26.0,20.4,2.2,4.8,8.9,2.4,16.8,13.19,6990.584,15755.043,1540.0,529.2,243.08,1519.552,3158.752,13968.0,10.08,255.96,1184.403,336.6
2025-06-10,21.7,23.6,20.7,1.3,3.1,6.5,1.4,9.8,11.3,5637.064,37593.717,1299.8,373.68,220.92,1011.296,2731.368,16704.0,6511.68,1054.08,12347.997,975.96
2025-06-11,22.0,25.5,20.2,1.6,3.2,5.3,5.2,36.4,19.71,11505.309,82931.401,2507.2,785.304,443.88,2658.368,5110.557,30240.0,26863.2,1792.08,21704.401,2331.72
2025-06-12,20.5,21.3,18.8,1.2,2.6,4.9,0.0,0.0,5.74,3515.828,18733.427,829.8,186.696,132.6,810.496,1556.236,15436.8,473.76,157.14,1997.027,668.7
2025-06-13,23.1,25.6,20.6,1.9,4.4,9.9,0.0,0.0,6.28,3401.867,155178.965,676.2,207.936,104.8,1339.04,1073.891,98553.6,28817.28,1224.0,20253.305,6330.78
2025-06-14,22.7,26.7,21.6,2.3,6.6,12.9,3.4,23.8,10.73,7728.687,247139.514,1778.0,515.448,297.72,1756.032,3381.487,117590.4,80304.48,3735.54,39809.034,5700.06
2025-06-15,22.5,25.6,19.5,1.6,3.6,8.6,0.3,2.1,7.37,6456.822,45243.342,1347.0,417.672,249.56,1768.352,2674.238,10915.2,27239.04,355.5,4677.462,2056.14
2025-06-16,22.4,26.1,20.2,2.5,4.6,10.1,5.2,36.1,15.28,7999.336,112619.903,1677.8,577.512,306.04,1846.784,3591.2,51984.0,42844.32,2365.2,13547.183,1879.2
2025-06-17,23.2,26.2,21.0,2.0,4.2,6.9,6.4,44.4,19.37,11362.425,44061.16,2268.6,702.72,400.16,2259.2,5731.745,5126.4,36383.04,206.64,1896.7,448.38
2025-06-18,23.0,26.6,18.9,1.8,3.8,6.2,9.4,65.3,24.92,13609.088,10012.547,2946.6,853.992,512.08,2868.992,6427.424,2505.6,4861.44,276.84,721.487,1647.18
2025-06-19,25.3,27.4,23.1,1.0,2.5,4.3,0.2,1.4,8.78,5880.781,232151.847,972.6,439.92,249.84,2315.072,1903.349,184060.8,31872.96,3039.3,11562.747,1616.04
2025-06-20,24.6,25.7,23.9,1.8,3.2,7.8,0.0,0.0,4.92,4035.238,399980.467,827.6,357.408,202.04,1230.08,1418.11,246960.0,112920.48,4230.54,35869.447,0.0
2025-06-21,23.8,24.7,23.3,2.2,3.5,8.2,0.0,0.0,2.53,3765.9,301932.906,791.8,491.688,272.08,1734.496,475.836,108864.0,162741.6,3863.16,26464.146,0.0
2025-06-22,22.4,24.4,21.0,1.5,3.5,7.2,0.1,0.7,11.11,7427.276,47759.4,1608.0,506.376,304.24,1739.264,3269.396,15926.4,27613.44,547.56,3672.0,0.0
2025-06-23,22.9,26.7,19.2,1.5,4.1,7.4,4.5,31.3,19.11,11407.98,20510.266,2151.6,771.192,448.32,2477.952,5558.916,15782.4,240.48,552.24,3935.146,0.0
2025-06-24,23.4,25.3,21.6,2.0,3.7,6.7,0.0,0.0,7.87,5072.328,44955.941,1226.6,317.808,202.84,1234.432,2090.648,11865.6,23374.08,436.32,9279.941,0.0
2025-06-25,22.8,26.4,20.2,2.6,5.3,9.9,12.2,84.7,28.54,12303.012,98919.514,2796.6,862.488,488.24,2629.312,5526.372,79891.2,23.04,3066.12,15939.154,0.0
2025-06-26,23.8,27.2,20.5,1.7,3.8,6.3,10.5,72.9,27.72,11525.082,915.116,1942.8,814.248,478.44,2831.2,5458.394,489.6,12.96,120.78,291.776,0.0
2025-06-27,25.9,29.1,21.2,1.8,4.0,7.0,5.8,40.6,22.28,11212.716,17644.216,1683.2,811.08,476.08,2749.248,5493.108,4608.0,7801.92,471.96,2757.856,2004.48
2025-06-28,26.5,29.1,24.8,2.4,4.0,7.5,7.8,54.5,24.95,10701.484,9426.189,1741.8,842.832,489.68,2823.232,4803.94,864.0,6552.0,185.58,501.969,1322.64
2025-06-29,27.8,31.3,24.4,1.9,3.7,5.9,12.4,86.7,29.56,12765.071,30453.557,2336.2,879.552,520.28,2818.56,6210.479,2390.4,24397.92,203.22,2058.377,1403.64
2025-06-30,28.6,31.9,25.9,1.4,2.6,5.2,12.2,85.3,27.86,12487.222,29776.771,2502.8,769.536,459.56,2750.944,6004.382,3945.6,21623.04,333.18,2906.731,968.22
2025-07-01,29.0,32.3,27.2,1.8,3.7,5.8,10.6,74.1,27.41,11782.0,24888.841,1783.0,703.0,403.0,2711.0,6182.0,1008.0,20329.92,246.78,2295.601,1008.54
2025-07-02,29.0,32.1,26.4,1.8,3.7,5.7,12.7,88.8,29.15,12618.0,11480.519,2661.0,863.0,509.0,2770.0,5815.0,1353.6,7961.76,174.42,1423.199,567.54
2025-07-03,28.8,32.1,26.0,1.8,3.6,6.2,12.0,83.9,28.83,12522.0,34891.44,2431.0,860.0,506.0,2776.0,5949.0,7228.8,25711.2,318.96,938.4,694.08
2025-07-04,28.7,31.7,26.2,2.2,4.4,7.8,11.5,80.4,27.96,12467.0,45758.837,2659.0,845.0,494.0,2627.0,5843.0,4694.4,36656.64,225.0,2457.497,1725.3
2025-07-05,28.5,31.1,26.5,2.4,4.8,8.2,10.2,71.3,28.55,10085.0,17142.094,1860.0,870.0,500.0,2777.0,4078.0,806.4,14492.16,111.42,48.034,1684.08
2025-07-06,28.7,32.0,26.7,2.5,4.5,9.4,11.5,80.4,28.53,11614.0,4145.636,2370.0,870.0,499.0,2847.0,5028.0,1785.6,1058.4,102.06,34.796,1164.78
2025-07-07,28.8,32.5,25.4,1.7,3.5,5.8,12.0,83.9,28.6,11001.0,276.235,2113.0,845.0,472.0,2607.0,4963.0,0.0,128.16,89.82,3.715,54.54
2025-07-08,28.8,32.7,25.8,2.3,5.0,8.6,10.2,71.3,27.46,7129.0,64373.705,1193.0,547.0,317.0,2672.0,2401.0,43977.6,2246.4,1625.94,16140.365,383.4
2025-07-09,27.8,30.2,26.3,3.2,4.8,9.2,2.8,19.7,14.29,3689.0,115681.306,408.0,432.0,250.0,1684.0,916.0,73641.6,4955.04,2785.86,33452.086,846.72
2025-07-10,28.0,30.8,26.2,4.1,6.4,12.3,4.2,29.6,17.06,4618.0,341211.105,717.0,580.0,289.0,1407.0,1625.0,207244.8,60043.68,7404.12,64500.165,2018.34
2025-07-11,25.9,26.9,25.0,4.5,6.5,15.0,0.0,0.0,5.42,1723.0,559560.837,203.0,399.0,197.0,364.0,560.0,354211.2,118146.24,3042.18,79425.597,4735.62
2025-07-12,25.0,25.6,24.5,3.4,4.9,10.1,0.0,0.0,3.54,1070.0,291818.389,159.0,146.0,83.0,254.0,428.0,181497.6,57952.8,4382.28,45791.509,2194.2
2025-07-13,26.3,29.6,25.1,2.2,4.0,8.2,0.3,2.1,7.58,1371.0,148636.32,435.0,20.0,19.0,247.0,650.0,27849.6,88162.56,2200.68,21336.0,9087.48
2025-07-14,27.8,33.6,23.2,2.0,4.5,9.3,12.3,86.6,29.34,11788.0,331654.74,2396.0,926.0,515.0,2233.0,5719.0,174787.2,93002.4,6593.76,52717.2,4554.18
2025-07-15,27.0,30.9,24.4,2.3,5.1,10.7,9.4,66.2,23.29,10795.0,165163.799,2761.0,771.0,467.0,2568.0,4228.0,111398.4,19980.0,4214.16,27101.999,2469.24
2025-07-16,27.5,29.8,25.7,1.8,5.1,11.1,0.0,0.0,9.18,4012.0,338120.28,903.0,163.0,113.0,895.0,1939.0,193968.0,98893.44,2839.86,39193.2,3225.78
2025-07-17,28.0,30.5,27.1,2.4,5.2,10.4,0.1,0.7,9.64,7319.0,483758.706,1641.0,559.0,294.0,2044.0,2781.0,221904.0,191289.6,4363.2,54456.006,11745.9
2025-07-18,27.2,31.1,25.3,2.3,5.9,11.6,2.5,17.7,11.89,5432.0,238773.387,897.0,393.0,218.0,1376.0,2547.0,108288.0,93427.2,1965.6,29281.827,5810.76
2025-07-19,28.1,31.1,26.1,1.7,4.1,8.2,1.6,11.3,12.92,5375.0,409043.743,940.0,492.0,276.0,1721.0,1945.0,202752.0,143611.2,3457.8,49940.863,9281.88
2025-07-20,28.7,31.5,27.0,1.5,2.3,5.7,5.6,39.7,22.09,6683.0,235904.421,928.0,417.0,258.0,2383.0,2698.0,126547.2,66124.8,2174.4,35510.781,5547.24
2025-07-21,29.0,31.5,26.9,1.2,2.1,5.6,10.3,73.6,27.5,10934.0,158909.115,2565.0,804.0,445.0,2496.0,4624.0,77702.4,48844.8,1580.4,27979.635,2801.88
2025-07-22,29.2,32.2,27.0,1.6,2.8,5.3,11.1,79.3,28.36,11026.0,80679.96,2242.0,759.0,432.0,2490.0,5104.0,58924.8,10612.8,765.0,8244.0,2133.36
2025-07-23,29.3,32.4,26.6,1.6,2.8,5.6,12.5,89.3,28.57,12695.0,16255.8,2411.0,869.0,489.0,2816.0,6110.0,15379.2,100.8,315.0,252.0,208.8
2025-07-24,30.3,33.8,27.1,1.9,3.7,7.5,12.5,89.3,28.83,13147.0,19481.967,2640.0,879.0,470.0,2853.0,6305.0,16560.0,1094.4,361.8,858.627,607.14
2025-07-25,30.8,34.2,28.2,3.1,4.8,10.1,12.5,89.3,28.68,11347.0,113595.914,2459.0,862.0,467.0,2445.0,5115.0,72259.2,12873.6,1715.4,24054.914,2692.8
2025-07-26,30.6,33.9,28.2,3.7,6.2,10.7,11.8,84.9,26.03,9040.0,137802.004,1880.0,819.0,446.0,2136.0,3759.0,73353.6,31435.2,1045.8,26472.004,5495.4
2025-07-27,30.3,34.3,28.5,3.7,5.5,11.7,5.7,41.0,20.91,8488.0,204131.996,1604.0,779.0,427.0,1681.0,3997.0,112838.4,40003.2,2190.6,47171.996,1927.8
2025-07-28,30.4,33.7,27.7,2.5,4.1,8.2,12.2,87.8,28.75,13355.0,47518.799,2959.0,888.0,493.0,2860.0,6155.0,35452.8,6408.0,601.2,4127.999,928.8
2025-07-29,30.1,33.5,27.4,2.6,3.9,9.3,11.4,82.0,27.03,12591.0,80682.604,2733.0,876.0,483.0,2834.0,5666.0,52243.2,9777.6,1468.8,14160.004,3033.0
2025-07-30,28.7,31.2,27.3,2.5,4.0,10.0,3.7,26.8,14.67,6836.0,241576.8,1312.0,642.0,368.0,811.0,3702.0,146217.6,33364.8,3061.8,53412.0,5520.6
2025-07-31,29.8,32.6,27.8,1.7,2.8,6.8,10.3,74.6,26.69,10021.0,178516.201,1770.0,836.0,465.0,2875.0,4076.0,105840.0,36028.8,2151.0,28920.001,5576.4
2025-08-01,29.9,33.7,26.6,1.7,3.9,6.9,11.5,83.3,25.17,10604.0,30107.998,2289.0,779.0,420.0,2477.0,4640.0,23731.2,907.2,835.2,4439.998,194.4
2025-08-02,29.2,33.4,25.5,1.5,2.9,5.2,12.6,91.3,28.12,12357.0,3879.6,2455.0,847.0,459.0,2717.0,5879.0,288.0,374.4,144.0,2472.0,601.2
2025-08-03,28.5,30.2,26.7,2.9,5.9,10.9,0.0,0.0,5.41,4028.0,333497.396,544.0,370.0,204.0,835.0,2075.0,186278.4,103622.4,1234.8,33575.996,8785.8
2025-08-04,28.7,30.7,28.0,3.8,5.4,11.4,0.2,1.5,8.17,8074.0,103804.799,1947.0,402.0,225.0,2209.0,3291.0,16444.8,71539.2,99.0,9383.999,6337.8
2025-08-05,29.7,32.9,27.9,2.8,4.8,9.8,6.8,49.6,20.77,10660.0,158859.001,2091.0,404.0,215.0,2662.0,5288.0,56332.8,89222.4,709.2,8280.001,4314.6
2025-08-06,28.8,30.2,28.1,3.9,6.5,14.5,0.7,5.1,8.93,7450.0,202683.004,1341.0,552.0,288.0,2618.0,2651.0,39600.0,114638.4,1164.6,37596.004,9684.0
2025-08-07,29.2,31.7,27.7,2.5,5.0,10.4,2.2,16.2,15.53,6245.0,122674.799,1332.0,394.0,212.0,1229.0,3078.0,70848.0,25027.2,1560.6,22475.999,2763.0
2025-08-08,27.8,31.3,26.0,1.5,3.5,5.8,1.2,8.8,11.22,6401.0,7637.998,1059.0,535.0,272.0,1521.0,3014.0,3657.6,2548.8,75.6,1355.998,0.0
2025-08-09,27.5,28.8,25.1,2.3,4.4,10.7,0.0,0.0,2.98,2693.0,25248.6,665.0,174.0,91.0,749.0,1015.0,8092.8,10555.2,390.6,4320.0,1890.0
2025-08-10,27.7,29.6,26.2,2.4,5.5,10.9,0.1,0.7,6.09,3349.0,178546.797,695.0,236.0,111.0,904.0,1404.0,116582.4,26654.4,2988.0,31331.997,990.0
2025-08-11,26.4,27.7,24.3,1.5,5.2,10.6,0.0,0.0,1.74,1224.0,21779.998,285.0,92.0,52.0,315.0,479.0,9216.0,8438.4,320.4,2915.998,889.2
2025-08-12,28.5,31.1,26.7,2.4,4.4,9.0,1.6,11.9,11.76,7303.0,99278.999,1673.0,635.0,259.0,1259.0,3477.0,20592.0,63230.4,561.6,11375.999,3519.0
2025-08-13,29.4,32.9,27.2,1.8,3.5,8.0,8.4,62.2,21.75,12251.0,245029.198,2732.0,1067.0,430.0,2626.0,5396.0,132508.8,82238.4,1814.4,24647.998,3819.6
2025-08-14,29.5,32.9,26.7,1.6,4.0,6.2,11.0,82.1,25.48,9384.0,22350.002,1653.0,1007.0,422.0,2216.0,4087.0,10080.0,8352.0,313.2,2892.002,712.8
2025-08-15,29.1,32.4,25.5,1.3,2.8,5.1,10.9,81.3,26.39,9896.0,655.8,1787.0,1069.0,459.0,2455.0,4126.0,316.8,57.6,113.4,168.0,0.0
2025-08-16,29.0,33.5,25.1,1.5,2.6,4.6,11.2,83.6,26.74,10015.0,7936.8,1562.0,1029.0,443.0,2621.0,4359.0,2678.4,4507.2,115.2,636.0,0.0
2025-08-17,29.7,33.1,26.5,1.4,3.1,5.5,11.5,86.5,24.88,9465.0,7459.8,1477.0,949.0,382.0,2431.0,4226.0,5414.4,432.0,275.4,1212.0,126.0
2025-08-18,29.9,33.2,26.9,1.5,3.0,5.8,10.8,81.2,24.6,11204.0,7365.6,2335.0,923.0,374.0,2018.0,5554.0,2793.6,2577.6,156.6,1152.0,685.8
2025-08-19,29.9,33.5,27.1,1.5,2.9,5.3,9.7,72.9,24.41,9219.0,20625.0,1730.0,766.0,305.0,2361.0,4056.0,11232.0,6177.6,349.2,2148.0,718.2
2025-08-20,29.3,33.0,26.9,1.4,2.4,5.8,11.2,84.8,26.33,11230.0,34884.0,2426.0,1004.0,419.0,2082.0,5299.0,27561.6,3441.6,599.4,2988.0,293.4
2025-08-21,29.2,32.1,26.5,1.2,2.2,5.4,6.2,47.0,16.49,10627.0,8071.2,2021.0,1080.0,449.0,2456.0,4621.0,7142.4,676.8,180.0,36.0,36.0
2025-08-22,29.7,33.1,26.2,2.0,4.5,8.7,11.4,86.4,26.2,8865.0,1839.6,1908.0,1004.0,407.0,2361.0,3186.0,28.8,1627.2,90.0,0.0,93.6
2025-08-23,30.1,33.2,27.7,2.1,4.9,8.8,11.3,85.6,25.96,10181.0,7768.2,1738.0,941.0,392.0,2675.0,4435.0,6508.8,1137.6,109.8,12.0,0.0
2025-08-24,30.2,33.7,27.8,1.8,4.0,7.7,9.2,70.2,24.52,7096.0,6084.6,1299.0,825.0,337.0,1619.0,3016.0,2937.6,2534.4,120.6,492.0,0.0
2025-08-25,29.8,33.3,27.4,1.8,3.6,7.4,8.8,67.2,23.89,8931.0,31422.6,1892.0,877.0,348.0,1612.0,4202.0,5184.0,24091.2,239.4,1908.0,0.0
2025-08-26,29.4,31.9,27.1,2.6,4.9,9.4,9.1,69.5,22.54,10789.0,70864.2,2229.0,944.0,372.0,2477.0,4766.0,50544.0,12283.2,1917.0,6120.0,0.0
2025-08-27,29.3,32.5,26.3,1.8,5.1,9.2,8.1,62.3,19.9,6664.0,3660.6,805.0,915.0,377.0,2040.0,2527.0,3139.2,172.8,120.6,228.0,0.0
2025-08-28,29.8,33.5,26.2,1.7,3.6,6.2,10.3,79.2,25.5,8537.0,7230.0,1669.0,744.0,312.0,1608.0,4205.0,6220.8,417.6,219.6,372.0,0.0
2025-08-29,30.2,34.0,27.5,1.7,3.7,6.1,10.3,79.2,24.9,6474.0,3891.0,1210.0,955.0,380.0,1716.0,2213.0,720.0,2908.8,106.2,156.0,0.0
2025-08-30,30.0,33.8,27.0,1.4,2.2,4.0,10.1,78.3,22.9,10145.0,18496.8,2115.0,818.0,328.0,1996.0,4889.0,14688.0,1540.8,252.0,2016.0,0.0
2025-08-31,29.1,32.3,27.2,1.6,3.1,6.1,3.0,23.3,14.59,7808.0,40272.6,1703.0,690.0,269.0,1433.0,3712.0,28742.4,7084.8,581.4,3864.0,0.0
2025-09-01,29.1,32.9,25.3,1.9,4.5,8.4,7.8,60.5,21.47,6423.0,37690.2,468.0,641.0,254.0,2086.0,2973.0,15868.8,16142.4,783.0,4896.0,0.0
2025-09-02,28.6,33.3,25.5,1.5,3.7,7.2,7.2,56.3,16.36,4635.0,20694.0,659.0,402.0,179.0,1416.0,1979.0,10080.0,9446.4,183.6,984.0,0.0
2025-09-03,28.9,32.4,25.4,1.7,3.3,6.2,10.0,78.1,24.14,7780.0,33024.0,1716.0,888.0,345.0,1248.0,3583.0,23788.8,2390.4,964.8,5880.0,0.0
2025-09-04,29.5,33.5,27.1,1.7,3.0,6.0,6.9,53.9,17.04,8619.0,55841.4,1903.0,1033.0,409.0,2205.0,3069.0,33436.8,6379.2,1409.4,14616.0,0.0
2025-09-05,29.4,32.8,26.2,1.2,2.1,4.7,10.4,81.9,24.37,6078.0,15246.6,1082.0,656.0,272.0,1552.0,2515.0,10713.6,3758.4,174.6,600.0,0.0
2025-09-06,29.9,33.3,26.4,1.9,4.6,8.0,8.5,66.9,21.97,9422.0,14630.4,1665.0,770.0,291.0,1988.0,4708.0,6595.2,7833.6,93.6,108.0,0.0
2025-09-07,29.6,32.8,27.4,2.3,5.0,10.2,8.2,64.6,21.44,9160.0,55846.8,2069.0,511.0,202.0,2141.0,4237.0,33379.2,16387.2,968.4,5112.0,0.0
2025-09-08,29.3,32.9,25.6,1.8,3.7,6.4,6.9,54.8,17.93,6109.0,3874.2,1040.0,475.0,193.0,1370.0,3031.0,2707.2,720.0,99.0,348.0,0.0
2025-09-09,27.7,30.8,25.1,1.4,5.1,11.1,2.3,18.3,10.28,2955.0,60771.0,696.0,238.0,117.0,500.0,1404.0,29030.4,12369.6,1395.0,17976.0,0.0
2025-09-10,27.4,31.1,25.2,1.4,2.7,5.9,5.6,44.4,18.77,2960.0,36757.2,542.0,344.0,168.0,541.0,1364.0,15206.4,13449.6,133.2,7968.0,0.0
2025-09-11,27.6,30.9,25.4,3.7,6.0,11.9,9.9,79.2,22.18,4498.0,277023.0,652.0,682.0,271.0,1389.0,1503.0,178790.4,42379.2,2813.4,51780.0,1260.0
2025-09-12,28.1,32.4,23.8,2.2,4.5,9.4,6.2,49.6,17.34,9597.0,207403.8,2095.0,767.0,294.0,2024.0,4417.0,142329.6,44553.6,480.6,20040.0,0.0
2025-09-13,27.8,30.4,25.9,3.4,6.4,15.3,1.4,11.2,9.59,4433.0,115152.0,954.0,315.0,152.0,1181.0,1831.0,64540.8,45748.8,14.4,4848.0,0.0
2025-09-14,27.6,30.6,24.7,1.4,3.3,8.3,5.2,41.9,16.61,7153.0,17203.2,1140.0,772.0,292.0,1668.0,3281.0,14313.6,1756.8,64.8,1068.0,0.0
2025-09-15,28.6,32.6,24.8,1.3,3.2,5.0,10.2,82.3,22.14,8429.0,14517.0,1747.0,670.0,254.0,1873.0,3886.0,11318.4,2865.6,81.0,252.0,0.0
2025-09-16,29.4,33.1,26.7,1.8,4.5,7.0,10.7,86.3,22.96,7969.0,4899.6,1077.0,742.0,292.0,2536.0,3322.0,1987.2,2851.2,61.2,0.0,0.0
2025-09-17,29.3,32.6,25.7,2.3,5.3,11.8,9.3,75.6,21.01,10698.0,77523.6,2216.0,903.0,361.0,2320.0,4897.0,38678.4,33408.0,241.2,5196.0,0.0
2025-09-18,27.2,30.6,25.0,1.9,3.9,8.1,9.1,74.0,20.14,10915.0,135924.6,2208.0,845.0,330.0,2233.0,5299.0,54403.2,51969.6,2007.0,27336.0,208.8
2025-09-19,26.5,29.5,23.3,2.6,5.1,10.9,3.9,31.7,13.6,3881.0,185347.201,612.0,176.0,102.0,1924.0,1067.0,109267.2,9100.8,4856.4,61392.001,730.8
2025-09-20,27.0,30.5,23.7,2.4,6.5,13.3,3.7,30.3,12.52,4670.0,280242.597,420.0,395.0,174.0,689.0,2991.0,136281.6,103968.0,2088.0,36959.997,945.0
2025-09-21,24.9,28.5,21.7,2.4,5.2,9.9,9.3,76.2,19.14,8707.0,191110.8,1946.0,796.0,305.0,1790.0,3870.0,113558.4,45043.2,1933.2,30576.0,0.0
2025-09-22,25.3,28.7,22.8,3.7,6.0,12.4,9.2,75.4,19.91,7062.0,463401.602,851.0,1102.0,436.0,1974.0,2699.0,296092.8,65476.8,6573.6,93804.002,1454.4
2025-09-23,25.9,28.3,23.3,3.4,5.4,10.8,8.1,66.9,18.26,3733.0,327029.401,345.0,650.0,281.0,1513.0,943.0,181785.6,27302.4,6363.0,109332.001,2246.4
2025-09-24,28.3,32.4,25.7,1.7,4.0,6.9,7.5,62.0,18.59,8828.0,64565.405,1812.0,474.0,228.0,2005.0,4309.0,30038.4,15465.6,306.0,17184.005,1571.4
2025-09-25,28.1,32.1,26.0,1.5,3.6,6.1,4.5,37.2,12.8,5166.0,28878.597,1135.0,511.0,211.0,1020.0,2290.0,15753.6,5832.0,333.0,5915.997,1044.0
2025-09-26,26.4,29.8,25.6,1.0,2.4,4.5,2.7,22.5,8.78,2820.0,921.6,662.0,207.0,111.0,604.0,1236.0,172.8,43.2,12.6,360.0,333.0
2025-09-27,24.4,26.0,23.3,1.7,3.5,7.5,0.0,0.0,4.06,1672.0,93001.801,270.0,102.0,61.0,494.0,745.0,52185.6,9604.8,1139.4,29568.001,504.0
2025-09-28,26.1,30.3,22.9,2.0,4.2,10.8,4.9,40.8,14.93,8160.0,147742.8,1665.0,687.0,260.0,1459.0,4088.0,89683.2,19108.8,1209.6,35088.0,2653.2
2025-09-29,25.5,29.6,22.6,1.5,3.6,7.1,7.8,65.5,18.0,8911.0,142769.401,1805.0,664.0,257.0,1495.0,4690.0,49219.2,58766.4,865.8,29292.001,4626.0
2025-09-30,23.9,27.6,21.5,1.4,2.4,5.1,4.3,36.1,13.12,6262.0,59683.8,1352.0,507.0,240.0,1237.0,2926.0,4377.6,48110.4,194.4,6528.0,473.4
2025-10-01,24.6,29.2,20.3,1.6,3.0,5.4,10.5,88.2,20.52,12116.0,78764.0,2715.0,1055.0,418.0,1973.0,5954.0,13478.0,53510.0,301.0,10524.0,950.0
2025-10-02,25.3,29.4,21.5,2.0,4.2,7.0,6.6,55.9,17.49,9505.0,49631.0,2079.0,673.0,286.0,1831.0,4635.0,20390.0,4306.0,1404.0,22332.0,1199.0
2025-10-03,25.2,27.4,21.8,2.8,6.8,11.9,0.1,0.8,2.31,873.0,278878.0,190.0,64.0,42.0,281.0,295.0,147830.0,69091.0,2102.0,51768.0,8086.0
2025-10-04,26.2,30.0,23.9,2.4,4.1,9.3,5.2,44.1,14.58,8082.0,193940.0,2000.0,691.0,248.0,1167.0,3976.0,105984.0,43286.0,2374.0,39216.0,3080.0
2025-10-05,25.9,30.5,22.2,1.2,2.4,4.8,10.4,88.9,19.49,11273.0,62476.0,2504.0,790.0,328.0,2262.0,5389.0,27734.0,26251.0,369.0,7608.0,513.0
2025-10-06,26.4,29.9,23.2,1.3,2.2,4.3,7.2,61.5,17.11,10752.0,15435.0,1896.0,926.0,353.0,2232.0,5345.0,5213.0,7661.0,63.0,2232.0,266.0
2025-10-07,27.5,31.3,24.9,1.6,5.2,9.5,9.0,76.9,18.4,6276.0,258066.0,840.0,292.0,132.0,684.0,4327.0,130320.0,87811.0,0.0,34668.0,5267.0
2025-10-08,26.3,30.5,24.2,2.0,5.2,9.6,7.1,61.2,17.85,5645.0,173338.0,1093.0,299.0,132.0,616.0,3505.0,73440.0,65808.0,0.0,27216.0,6874.0
2025-10-09,24.8,28.1,23.1,3.4,7.0,12.6,8.6,74.1,17.7,5502.0,262810.0,753.0,728.0,290.0,1642.0,2089.0,163930.0,35352.0,0.0,59124.0,4405.0
2025-10-10,25.0,28.6,22.7,2.9,4.8,9.4,10.4,89.7,18.67,9374.0,133985.0,1791.0,944.0,349.0,2348.0,3942.0,86256.0,8381.0,1037.0,37872.0,439.0
2025-10-11,25.8,29.5,22.8,1.6,2.8,5.8,8.0,69.6,17.16,10346.0,22378.0,2269.0,958.0,345.0,2290.0,4484.0,8986.0,4507.0,198.0,8352.0,335.0
2025-10-12,26.5,31.7,22.3,1.5,2.8,5.5,10.7,93.0,18.95,9787.0,65303.0,2360.0,798.0,321.0,1773.0,4535.0,21168.0,31550.0,0.0,12144.0,441.0
2025-10-13,26.6,29.8,24.2,1.9,5.5,9.7,7.7,67.5,15.79,8152.0,17305.0,1518.0,775.0,260.0,2019.0,3580.0,7978.0,4320.0,135.0,4080.0,792.0
2025-10-14,26.9,32.3,23.6,1.7,4.0,8.1,5.3,46.5,12.95,5178.0,86104.0,1295.0,434.0,166.0,559.0,2724.0,22954.0,44611.0,571.0,14664.0,3305.0
2025-10-15,25.5,28.9,24.1,2.1,5.1,9.8,5.2,45.6,13.54,2075.0,134552.0,566.0,39.0,34.0,1276.0,160.0,71914.0,11966.0,3179.0,46908.0,585.0
2025-10-16,26.0,29.8,23.4,2.3,5.8,13.6,1.8,15.9,9.32,2698.0,134086.0,454.0,143.0,84.0,275.0,1742.0,44669.0,58579.0,1019.0,19032.0,10787.0
2025-10-17,24.2,26.5,22.6,3.1,5.5,10.4,0.9,8.0,7.99,4310.0,240349.0,686.0,394.0,168.0,1502.0,1561.0,149472.0,29952.0,3764.0,54708.0,2453.0
2025-10-18,25.0,28.4,22.4,1.5,5.2,8.5,1.1,9.7,8.77,3113.0,258695.0,558.0,170.0,97.0,242.0,2047.0,88099.0,127195.0,1816.0,27768.0,13817.0
2025-10-19,22.7,25.1,20.9,3.3,5.5,11.6,1.3,11.5,9.17,1383.0,364918.0,241.0,137.0,80.0,287.0,638.0,227664.0,60422.0,5963.0,58920.0,11948.0
2025-10-20,21.4,25.2,19.0,2.1,4.5,10.0,7.3,65.2,15.61,5107.0,298114.0,1547.0,805.0,326.0,1591.0,838.0,74592.0,178258.0,2113.0,28620.0,14531.0
2025-10-21,19.7,22.4,17.4,3.0,5.3,11.5,0.7,6.3,8.32,2437.0,205712.0,518.0,124.0,84.0,327.0,1383.0,72864.0,88315.0,1760.0,30000.0,12773.0
2025-10-22,20.3,24.0,16.7,3.1,6.0,12.8,9.7,86.6,16.65,6313.0,284777.0,1201.0,521.0,224.0,1159.0,3209.0,154915.0,70186.0,2779.0,45588.0,11309.0
2025-10-23,20.5,24.2,18.9,3.3,5.4,10.7,8.3,74.8,15.46,7584.0,293618.0,1463.0,692.0,295.0,1779.0,3355.0,176400.0,66226.0,3411.0,37692.0,9889.0
2025-10-24,20.5,24.4,17.5,3.0,5.1,10.6,9.9,89.2,17.56,9217.0,114129.0,1990.0,806.0,348.0,2022.0,4051.0,40349.0,46210.0,1132.0,21528.0,4910.0
2025-10-25,20.6,25.9,16.7,1.6,3.2,5.5,8.8,79.3,16.29,6067.0,134378.0,1308.0,426.0,204.0,663.0,3466.0,38563.0,73958.0,1093.0,15288.0,5476.0
2025-10-26,19.2,23.9,16.2,1.6,4.2,9.9,5.5,50.0,13.31,8247.0,363984.0,1916.0,615.0,278.0,1165.0,4274.0,184205.0,117677.0,3640.0,46068.0,12395.0
2025-10-27,16.7,22.1,12.8,1.6,3.9,8.7,10.0,90.9,17.56,7794.0,536495.0,1455.0,688.0,299.0,1331.0,4021.0,348912.0,95112.0,6912.0,70920.0,14639.0
2025-10-28,15.1,20.4,12.4,2.3,5.0,9.7,10.0,90.9,18.01,11374.0,160869.0,2345.0,824.0,375.0,2191.0,5638.0,86112.0,52978.0,1780.0,12720.0,7279.0
2025-10-29,16.1,20.6,12.4,2.8,4.7,10.1,10.0,91.7,17.04,10034.0,83251.0,2010.0,710.0,282.0,2248.0,4785.0,43085.0,20650.0,1168.0,15864.0,2484.0
2025-10-30,18.5,21.9,15.4,2.5,5.0,9.3,5.4,49.5,11.64,6628.0,74943.0,1420.0,496.0,218.0,1360.0,3134.0,36547.0,9317.0,1247.0,24840.0,2992.0
2025-10-31,19.0,23.8,15.7,1.8,3.9,7.5,5.0,45.9,10.9,6463.0,112135.0,1292.0,598.0,241.0,1182.0,3151.0,48096.0,28238.0,1550.0,26376.0,7875.0
2025-11-01,17.2,21.3,15.0,2.2,4.2,10.8,9.4,87.0,15.92,6793.0,538185.0,1277.0,689.0,290.0,1536.0,3001.0,394790.0,69638.0,8419.0,44220.0,21118.0
2025-11-02,15.9,21.6,10.7,1.7,4.9,11.3,8.1,75.0,14.87,5719.0,431780.0,989.0,602.0,268.0,1516.0,2344.0,313200.0,65707.0,7558.0,31368.0,13946.0
2025-11-03,13.9,18.9,10.2,1.8,3.7,8.4,9.3,86.1,16.28,11547.0,178942.0,2507.0,772.0,314.0,2211.0,5743.0,90662.0,63288.0,3316.0,12636.0,9040.0
2025-11-04,17.2,20.8,13.6,1.6,3.0,5.6,1.6,14.8,8.6,5037.0,45879.0,1152.0,316.0,162.0,802.0,2604.0,4694.0,33278.0,245.0,3804.0,3857.0
2025-11-05,18.5,22.4,16.2,2.9,5.0,10.8,9.6,89.7,15.53,8807.0,88336.0,1961.0,649.0,250.0,1902.0,4045.0,37123.0,25834.0,734.0,15744.0,8901.0
2025-11-06,19.1,24.2,15.3,2.8,5.1,11.0,9.3,86.9,15.64,10554.0,71450.0,2251.0,815.0,326.0,2009.0,5154.0,15005.0,38405.0,502.0,9444.0,8095.0
2025-11-07,19.7,23.3,17.9,2.7,4.8,8.7,7.2,67.3,12.77,6858.0,102280.0,1547.0,569.0,224.0,1547.0,2970.0,56304.0,13450.0,1897.0,27744.0,2885.0
2025-11-08,18.9,20.5,17.7,2.4,3.9,7.3,0.0,0.0,1.87,937.0,185938.0,227.0,43.0,35.0,231.0,402.0,111715.0,16862.0,5443.0,49500.0,2417.0
2025-11-09,19.5,23.8,16.4,1.5,3.8,7.8,7.0,66.0,14.08,8106.0,328478.0,1629.0,568.0,191.0,1285.0,4434.0,155894.0,108389.0,3308.0,35928.0,24959.0
2025-11-10,15.7,19.8,12.4,1.9,3.8,8.5,9.7,91.5,15.71,11413.0,441873.0,2456.0,921.0,371.0,2091.0,5574.0,235872.0,143669.0,4018.0,36396.0,21919.0
2025-11-11,15.2,20.4,11.6,1.8,4.0,8.6,7.3,68.9,13.37,9198.0,145270.0,1936.0,604.0,255.0,1812.0,4591.0,19354.0,102701.0,409.0,10932.0,11875.0
2025-11-12,16.3,18.2,14.6,2.5,4.1,8.7,0.1,1.0,3.99,2165.0,59371.0,458.0,138.0,87.0,502.0,980.0,9360.0,22262.0,1343.0,23592.0,2813.0
2025-11-13,17.4,23.2,14.6,1.7,3.0,4.9,5.8,55.2,11.73,7877.0,215051.0,1712.0,600.0,240.0,1503.0,3823.0,71309.0,106632.0,1487.0,28416.0,7207.0
2025-11-14,15.9,21.7,12.1,1.8,3.5,6.5,9.6,91.4,15.0,11277.0,367949.0,2376.0,907.0,357.0,2040.0,5597.0,166435.0,129254.0,3586.0,58392.0,10282.0
2025-11-15,15.6,20.7,12.2,1.7,2.4,5.4,9.5,90.5,14.78,10899.0,136199.0,2274.0,870.0,309.0,2088.0,5358.0,29088.0,89482.0,801.0,13092.0,3737.0
2025-11-16,17.1,23.1,13.2,1.7,2.6,4.6,9.5,91.3,14.09,8269.0,8537.0,1974.0,694.0,216.0,1699.0,3685.0,5299.0,2203.0,175.0,792.0,68.0
2025-11-17,14.8,19.9,10.8,1.5,3.4,6.0,1.4,13.5,5.38,2789.0,655192.0,665.0,127.0,81.0,493.0,1422.0,398477.0,173405.0,8770.0,57828.0,16713.0
2025-11-18,10.5,14.0,8.6,2.1,5.0,13.6,5.2,50.0,11.24,2460.0,596242.0,523.0,189.0,104.0,282.0,1362.0,419731.0,84427.0,7501.0,68604.0,15979.0
2025-11-19,11.3,15.9,8.2,1.7,3.9,9.4,5.7,54.8,11.83,4411.0,224721.0,844.0,200.0,108.0,509.0,2750.0,125770.0,51394.0,4333.0,34704.0,8521.0
2025-11-20,12.5,18.4,8.7,1.5,3.8,8.4,8.8,85.4,13.77,5201.0,199124.0,1128.0,180.0,99.0,497.0,3297.0,113443.0,37253.0,4883.0,39804.0,3740.0
2025-11-21,12.6,18.5,9.5,1.5,3.0,7.9,9.4,91.3,13.75,9722.0,232173.0,2118.0,713.0,302.0,1701.0,4887.0,126778.0,43013.0,5528.0,52740.0,4115.0
2025-11-22,12.7,19.3,9.2,1.7,3.8,7.1,7.0,68.0,11.84,8170.0,36287.0,1692.0,708.0,309.0,1408.0,4054.0,7517.0,19397.0,738.0,7980.0,655.0
2025-11-23,13.5,19.1,8.6,1.8,4.5,8.3,9.5,92.2,14.01,9651.0,6911.0,2004.0,808.0,320.0,1974.0,4545.0,1037.0,5443.0,153.0,192.0,86.0
2025-11-24,16.8,21.5,13.2,1.5,4.4,9.4,5.0,48.5,9.63,5191.0,44863.0,1125.0,524.0,222.0,1401.0,1919.0,29146.0,6826.0,398.0,7452.0,1042.0
2025-11-25,12.6,15.1,9.1,2.5,6.0,14.3,8.1,79.4,12.88,5952.0,640090.0,1375.0,382.0,173.0,689.0,3333.0,445450.0,109080.0,6493.0,63372.0,15696.0
2025-11-26,11.0,16.5,7.0,1.6,3.0,5.9,6.9,67.6,11.26,7529.0,110395.0,1471.0,583.0,267.0,1255.0,3952.0,52790.0,32688.0,2113.0,19824.0,2979.0
2025-11-27,12.8,16.9,8.5,3.0,7.3,15.3,5.6,54.9,9.14,3964.0,499120.0,607.0,303.0,130.0,649.0,2275.0,337738.0,98179.0,824.0,46992.0,15386.0
2025-11-28,10.9,15.5,7.4,1.8,3.5,8.2,8.6,84.3,12.57,8784.0,321949.0,1702.0,756.0,325.0,1392.0,4609.0,200074.0,69782.0,1786.0,44196.0,6111.0
2025-11-29,14.0,18.2,8.2,2.1,5.0,8.6,5.5,53.9,10.25,9791.0,37915.0,2041.0,790.0,325.0,1928.0,4706.0,6970.0,26280.0,254.0,1368.0,3044.0
2025-11-30,17.7,21.8,14.4,2.1,5.6,9.1,6.2,61.4,11.51,9799.0,79751.0,2067.0,741.0,304.0,1892.0,4796.0,8208.0,65880.0,167.0,504.0,4991.0
2025-12-01,16.0,21.3,12.6,1.5,2.8,5.1,7.6,75.2,10.81,7516.0,254486.0,1581.0,540.0,128.0,1304.0,3964.0,91526.0,129586.0,3407.0,22716.0,7250.0
2025-12-02,13.1,18.8,9.2,1.7,3.7,8.5,6.8,67.3,11.11,8394.0,488136.0,1881.0,680.0,121.0,1438.0,4274.0,209981.0,206093.0,6187.0,49620.0,16256.0
2025-12-03,6.6,9.6,3.5,2.2,4.1,12.1,5.1,50.5,9.54,3905.0,680993.0,774.0,160.0,41.0,434.0,2496.0,450259.0,103464.0,3101.0,105792.0,18376.0
2025-12-04,7.3,11.0,3.8,1.6,3.9,8.6,2.2,21.8,6.58,2322.0,228416.0,690.0,125.0,7.0,504.0,996.0,146880.0,15408.0,4.0,59616.0,6509.0
2025-12-05,9.4,12.7,6.1,1.8,4.0,8.6,7.0,69.3,11.82,7568.0,428217.0,1402.0,700.0,33.0,1085.0,4348.0,232877.0,111528.0,394.0,74148.0,9270.0
2025-12-06,11.0,14.7,4.8,1.7,5.0,8.8,7.2,71.3,11.4,9284.0,63858.0,2010.0,706.0,37.0,1874.0,4656.0,29722.0,22752.0,547.0,8688.0,2149.0
2025-12-07,14.2,18.5,10.7,1.8,4.9,10.2,8.8,88.0,11.78,7961.0,142633.0,1839.0,671.0,34.0,1607.0,3810.0,94234.0,9835.0,2389.0,33432.0,2743.0
2025-12-08,11.8,16.8,8.0,1.6,3.7,6.6,9.0,90.0,12.25,7018.0,406358.0,1403.0,713.0,36.0,1697.0,3170.0,197712.0,104386.0,7731.0,83184.0,13345.0
2025-12-09,11.1,16.2,7.6,1.9,4.5,8.6,8.2,82.0,12.65,9723.0,312430.0,2046.0,793.0,39.0,1867.0,4978.0,96106.0,146650.0,4037.0,58272.0,7366.0
2025-12-10,12.3,16.6,7.6,1.7,4.1,7.1,7.4,74.0,11.51,8601.0,43606.0,1868.0,681.0,34.0,1683.0,4336.0,19555.0,18662.0,419.0,3144.0,1825.0
2025-12-11,15.1,21.4,10.8,1.8,5.7,11.9,7.8,78.0,11.53,4771.0,538580.0,1009.0,290.0,15.0,642.0,2815.0,300758.0,130435.0,8010.0,85068.0,14308.0
2025-12-12,11.7,15.0,7.3,2.6,4.4,9.1,9.3,93.0,12.51,5209.0,273415.0,1249.0,187.0,34.0,1363.0,2377.0,116064.0,79085.0,4909.0,67596.0,5762.0
2025-12-13,12.3,15.7,8.3,2.1,4.9,10.1,0.5,5.0,4.3,1648.0,396841.0,347.0,98.0,29.0,583.0,591.0,233770.0,60797.0,5737.0,88620.0,7918.0
2025-12-14,7.8,9.2,6.5,2.3,3.7,10.1,1.7,17.0,5.46,1348.0,824807.0,251.0,39.0,17.0,219.0,823.0,552125.0,130896.0,3681.0,119328.0,18778.0
2025-12-15,8.8,13.8,4.4,1.6,3.0,6.3,7.5,75.0,11.33,8713.0,156995.0,1871.0,592.0,295.0,1532.0,4423.0,94234.0,25200.0,2898.0,31368.0,3296.0
2025-12-16,12.6,17.7,7.3,1.6,3.8,6.4,6.8,68.0,10.14,6601.0,17557.0,1150.0,552.0,252.0,1459.0,3189.0,3888.0,7358.0,241.0,4800.0,1269.0
2025-12-17,12.0,16.3,7.9,1.6,4.5,8.3,8.4,84.0,11.64,4461.0,445100.0,840.0,329.0,120.0,421.0,2752.0,238982.0,94810.0,7780.0,89424.0,14105.0
2025-12-18,10.6,15.5,6.1,2.2,4.2,8.3,8.4,84.0,12.21,10113.0,126681.0,2013.0,803.0,365.0,1906.0,5026.0,40003.0,58853.0,1278.0,21732.0,4815.0
2025-12-19,16.2,20.1,11.0,1.6,3.8,7.2,3.9,39.0,7.52,7541.0,47476.0,1499.0,579.0,258.0,1534.0,3670.0,15869.0,21125.0,479.0,5736.0,4268.0
2025-12-20,17.6,22.5,14.3,1.7,4.1,7.4,2.5,25.0,7.3,2815.0,184441.0,580.0,184.0,40.0,643.0,1370.0,77213.0,59602.0,3298.0,37608.0,6721.0
2025-12-21,10.8,15.0,6.0,2.0,4.9,8.9,4.7,47.0,7.78,4184.0,646696.0,877.0,281.0,145.0,443.0,2438.0,394272.0,147067.0,6431.0,95136.0,3789.0
2025-12-22,9.1,13.1,3.2,2.4,4.7,10.2,9.2,92.0,12.64,9144.0,69224.0,1871.0,664.0,291.0,1753.0,4565.0,21917.0,31075.0,1118.0,14448.0,666.0
2025-12-23,14.9,18.5,10.6,1.4,3.0,5.6,2.0,20.0,6.21,4228.0,76369.0,803.0,319.0,155.0,1023.0,1929.0,44323.0,13565.0,776.0,14748.0,2957.0
2025-12-24,14.2,17.6,12.3,1.5,2.9,6.3,1.0,10.0,6.03,630.0,507004.0,83.0,30.0,0.0,55.0,462.0,255427.0,155232.0,7042.0,74016.0,15287.0
2025-12-25,7.5,12.5,2.6,2.2,4.7,11.8,5.6,56.0,10.84,2529.0,854088.0,659.0,148.0,86.0,341.0,1295.0,591869.0,149803.0,4000.0,88656.0,19760.0
2025-12-26,3.2,7.2,1.4,1.9,3.9,10.0,5.5,55.0,9.45,4494.0,672340.0,655.0,303.0,142.0,446.0,2948.0,447235.0,110131.0,5008.0,94992.0,14974.0
2025-12-27,4.6,9.4,1.4,1.7,4.3,9.0,1.6,16.0,4.6,6494.0,96953.0,1280.0,531.0,232.0,898.0,3554.0,36173.0,33307.0,1525.0,23484.0,2464.0
2025-12-28,9.5,13.7,3.3,1.7,5.4,10.3,7.0,70.0,11.17,6785.0,31375.0,1438.0,640.0,284.0,1465.0,2957.0,11088.0,12758.0,436.0,4440.0,2653.0
2025-12-29,12.0,17.1,8.7,1.7,4.9,9.8,4.7,47.0,7.95,6991.0,148504.0,1274.0,699.0,312.0,1395.0,3311.0,80726.0,29837.0,2947.0,30132.0,4862.0
2025-12-30,10.3,15.8,7.6,2.1,4.5,7.0,8.1,81.0,11.54,9097.0,213157.0,1790.0,763.0,345.0,1786.0,4413.0,51667.0,111168.0,2741.0,34680.0,12901.0
2025-12-31,7.5,12.4,5.1,2.0,3.9,7.7,8.5,85.0,11.99,4830.0,569519.0,586.0,513.0,242.0,449.0,3039.0,310378.0,150307.0,7904.0,82992.0,17939.0
